:020000040000fa
:020000041fc01b
:100000000300001000000000f0f3060000000000f4
:100010000600f00f0000000000601a40c0045a7f84
:100020000500401300000000019d1a3cf0e95a272a
:10003000080040030000000001801d3cf0ffbd27c8
:1000400001801c3c30809c27026009402058200120
:1000500007000a248449497d02608940c0000000ed
:1000600000e0dc41ffff4a25faff401500000000d8
:1000700002608b40c0000000019d083ca0ec0825f8
:1000800009f80001000000000080083c7800082505
:100090000080093cd4012925030000100000000065
:1000a000000000ad040008252b080901fcff201406
:1000b00000000000019d083cacd0082509f80001b3
:1000c000000000000000093c00002925010020116b
:1000d0000000000000488040ffff0a2400588a40ca
:1000e0004000083c00600a4025500a0100608a4038
:1000f000009d093c00002925c000000001788940ce
:100100000000093c0100292500000a2444492a7df9
:1001100001608a408000093c0068894000800840f6
:100120008005097d404c0900006008405800013cf2
:100130002440010100010a3c2540480100240a3cfa
:1001400025404801254028010060884000010a3c04
:1001500000f8ca44c0000000019d083ca8ec082536
:1001600009f800010000000000600840bfff013cea
:10017000ffff2134244001010060884000008430ea
:100180000000a530019d083c64d908250800000145
:04019000000000006b
:020000040000fa
:020000041fc01b
:10038000019d1a3c60e95a27080040030000000064
:020000040000fa
:020000041d00dd
:10018000019d1a3cf8b75a27080040030000000000
:020000040000fa
:020000041d00dd
:10020000b81e400b000000002c1f400b0000000037
:10021000a01f400b000000001420400b0000000055
:100220008820400b00000000fc20400b0000000074
:100230007021400b00000000e421400b0000000092
:100240005822400b000000000000023c0000422445
:10025000070040100000023c00004224050040500e
:10026000019d023c3f0000700800e0030000000018
:10027000019d023c94dd4224030040100000000078
:1002800009f84000000000000800e0030000000042
:020000040000fa
:020000041d00dd
:10029000009d023c58ffbd27900242245800a2afa7
:1002a0000080023c140042245c00a2af1000a22790
:1002b0006000a2af009d023ca8064224a800a4afa3
:1002c0004000a4276400a2afa400bfafa000beaf4f
:1002d000ac00a5af7400a6af7800a7afaf15400f74
:1002e0006800bdafa800a38f010002243800a0afb2
:1002f000140162143400a0af7400a38fd4bc023c7c
:1003000000d54234211062007800a48f8400a2af8f
:100310002b104300b1b8033cbcaa633421188300fe
:1003200021104300ac00a38f8c00a2af0600022472
:10033000200062148c00a28f1e0040148400a28f43
:100340000200422c1b004010b800a28fa800a48f0e
:10035000e8ff428c7800a2afb800a28ff0ff428c79
:100360008800a2afb800a28ff4ff428c7400a2af45
:100370007400a38f030002240a108300ac00a38f33
:1003800008006330060060148c00a38f0400601422
:100390008400a38f0200632cc700601401000324b3
:1003a00001000324bc0043147800a28f643a400f7c
:1003b00000000000bc00a48fffff0224da15400fec
:1003c0004400a2af0a0040148800a2af0800022433
:1003d0004000a427b415400f7400a2afa400bf8f43
:1003e0007400a28fa000be8f0800e003a800bd2704
:1003f0008800a58fbc00a48f1000a627ffff022451
:10040000552d400f4400a2afbc00a58f2400a4933b
:100410007431400f7800a2afbc00a48f3400a52730
:10042000ce15400f1800a2af7400a2af3400a28f07
:10043000030040147400a28fffff42247400a2af97
:100440007400a28fe2ff42040800022473004050af
:100450007800a0af7800a48f6338400f2c00a52748
:10046000252040006338400f2800a5277800a2af60
:100470007400a28fffff4224f6ff40147400a2af65
:100480002c00a28f010042247400a2af2800a28f8a
:10049000b70040107400a48fccff80102000a38f01
:1004a000ffff422421106200780040107c00a2afc0
:1004b000ac00a28f08004230330040149000a2af7d
:1004c0008c00a28f33004014009d023c8400a28f58
:1004d0000200422c2f004050009d023cb800a28f29
:1004e0000000438c010063300300601018004224b8
:1004f000b800a28fd0ff428c3800a2afb8ff428c68
:100500008000a2af9400a0af7c00a48fac36400f57
:100510003000a527252040002c00a527ac36400f31
:100520009800a2af3000a58f3a00a010010002246d
:100530001a00a018ffff02241000a4276632400f03
:100540004400a2af810040108000a38f060060101d
:100550003800a62725286000c933400f2520400019
:100560007b0040143000a28f2c00a28f7b00401033
:100570007800a2af9800a28f7800a38f21104300cb
:10058000e1ff00107c00a2af009d023cdcff0010e8
:1005900018084224daff0010440842248000a28f89
:1005a000150040101c00a28f9000a28f1200401472
:1005b0001c00a28f8c00a28f0f0040141c00a28f81
:1005c0008400a28f0200422c0a0040102538a000af
:1005d0003800a68f8000a58fffff02241000a427fb
:1005e000a833400f4400a2af01004238dcff0010e6
:1005f000ff0042301c00a28f272005002800a527fd
:100600006338400f212044002800a28fd4ff00103f
:100610000100422cd4ff00109400a2af7c00a0afd8
:1006200001000224ac00a38f0100633053ff60106f
:100630000200032465ff43108c00a28f64ff401466
:10064000060002248400a28f0200422c0d004010fc
:100650007800a38fb800a28fe8ff43ac7c00a38f83
:10066000ecff43ac8800a38ff0ff43acb800a38f2e
:100670003800a28ff8ff62ac251060007400a38fd1
:10068000f4ff43ac52ff0010060002247800a0af34
:10069000e4ff0010020002241c004104b800a68ff1
:1006a000703a400f4400a3af1f31400f4800a48fa1
:1006b0003eff001000000000030043147800a28fea
:1006c0008a35400fb800a48f0f0041041000a62700
:1006d0008800a58fbc00a48fffff0224552d400f7a
:1006e0004400a2afbc00a58f7431400f2400a49336
:1006f000bc00a58f2400a4937431400f1800a2af52
:10070000b800a38ff4ff62acb800a68fbc00a48f22
:10071000ffff022425280000c415400f4400a2afab
:100720007800a68fbc00a48fc415400f01000524db
:100730007400a58fd615400fbc00a48f24ff0010b5
:100740000700022422ff0010030002243000a28fc1
:100750007800a2afb3ff0010030002249400a28f20
:100760001aff401002000224afff0010ac00a38f5c
:100770007400a28f16ff4050080002247800a0af3a
:08078000c3ff00107c00a0afd4
:020000040000fa
:020000041d00dd
:10078800e0ffbd271400bfaf7024400f0000000039
:100798005337400f000000001400bf8f0800e0032b
:0407a8002000bd2749
:020000040000fa
:020000041d00dd
:1007ac00e0ffbd271400bfaf3f24400f0000000046
:0c07bc001400bf8f0800e0032000bd27e0
:020000040000fa
:020000041d00dd
:1007c800ffffffff48af009d00d8009d000000001c
:020000040000fa
:020000041d00dd
:0807d800ffffffff000000001d
:020000040000fa
:020000041d00dd
:1007e000537439657863657074696f6e000000003a
:1007f0002c09009de007009d4e31305f5f637878e3
:10080000616269763131355f5f666f726365645f1f
:10081000756e77696e6445002c09009df807009d90
:100820004e31305f5f637878616269763131395f6c
:100830005f666f726569676e5f657863657074691e
:100840006f6e45002c09009d2008009d537439628d
:1008500061645f616c6c6f6300000000b808009d0c
:100860004c08009df007009d000000005c08009d02
:1008700040e4009df0e1009d50ec009d4e31305f62
:100880005f637878616269763132305f5f73695f88
:10089000636c6173735f747970655f696e666f45d1
:1008a00000000000b808009d7c08009d1809009d0c
:1008b00000000000a408009d68e4009d20e2009d67
:1008c00098ec009d98ec009de8d2009df8d4009d26
:1008d00090d4009df0ac009d24d0009d53743974d9
:1008e0007970655f696e666f000000002c09009ddd
:1008f000dc08009d4e31305f5f6378786162697615
:100900003131375f5f636c6173735f747970655ffa
:10091000696e666f45000000b808009df408009df0
:10092000ec08009d000000001809009d90e4009d67
:1009300050e2009d98ec009d98ec009de8d2009d4f
:10094000f8d4009d00db009dfcc8009dd8e9009d07
:020000040000fa
:020000041fc01b
:043fc000ffffffff01
:020000040000fa
:020000041fc01b
:043fc4003897fadf51
:020000040000fa
:020000041fc01b
:043fc800b9fe745f6b
:020000040000fa
:020000041fc01b
:043fcc00dbfffeff1a
:020000040000fa
:020000041fc01b
:043ff0000000ffffcf
:020000040000fa
:020000041d00dd
:10095000e8ffbd271400bfaf86bf023c20014394cf
:10096000010004244429837c200143a4a2818293b2
:10097000ff0042300200032414004310040003244b
:10098000c0024310000000000900401425280000a8
:10099000e639400f0200042425280000e639400f04
:1009a0000400042425280000e639400f0500042433
:1009b00086bf023c200143944429037c200143a4c8
:1009c0001400bf8f0800e0031800bd270080023c20
:1009d0006526400f1c0a40ac8c8180c7888181c786
:1009e00001000146848180e7788180c7748181c7d6
:1009f00001000146708180e78c8180c7788181c7c2
:100a0000420801462000204c04000046019d023ca3
:100a10001cda41c402000146908180e7388083c718
:100a2000908180c7c11800460080043c4c0a842491
:100a30000c0085c4180081c4001801460200054658
:100a4000140082c4019d023c20da44c42000444cbe
:100a500000000344140080e42800848c00f0627cd1
:100a600000008244001084443c100046060000450b
:100a700000008044001083443c010246b20004455b
:100a80000080023c600a44ac0080033c4c0a60c415
:100a9000021800464c0a63241c0060e4040064c48d
:100aa000140062c402210246200064e44118014699
:100ab000080062c44208024643080546240061e477
:100ac0000000044600000146000002442c00638c34
:100ad00000f0447c00008444000883443c0a004643
:100ae0000700084500008044000882440080023c62
:100af0003c03014602000c452610620025106000f0
:100b00000080033c640a63e40c8082af0c8081c7e0
:100b1000000080443e0c0046010013450c8080e735
:100b2000dc8080c7d88084c7d48082c7210000467b
:100b300021210046019d023c70da46d4022126465e
:100b400001002446a11000468210264601002246dc
:100b5000019d023c78da42d4020022462000204661
:100b6000cc8080e7d88080c7d48081c7019d023cbb
:100b700014da42c4420802462800224c019d023c7d
:100b800018da41c402000146c48080e7cc8080c7e7
:100b90002c8081c78c8183c7288082c7808184c7cd
:100ba000848188c7420803460100014621000046af
:100bb0002121004621420046019d023c88da4ad4a8
:100bc00002422a46019d023c80da4ad421210a4d84
:100bd000a1100046019d023c90da4cd482102c46b4
:100be00002212246019d023c98da4ad403212a467a
:100bf0000101244620212046a48084e7c48080c7c8
:100c00002c8081c7788183c7288084c76c8182c784
:100c1000708188c742080346010001462100004652
:100c2000a11000462142004602422646a110064d70
:100c30002121004602212c468210244683102a4698
:100c400001002246200020469c8080e7a480828ffd
:100c50009c808ec70080033c26104300b11c400fcf
:100c60000060824421000046019d023ca0da42d48b
:100c70000000224620002046188180e7188181c7a5
:100c8000000080443c0d00460800144500000000b0
:100c9000188180c721000046019d023ca8da42d499
:100ca0000000224620002046188180e7188180c776
:100cb0000c8181c701000146148180e7188180c73b
:100cc0000c8180e7148181c7000080443e0e0046fd
:100cd0002200184500000000148081c73e0701462d
:100ce0001e001c4500000000148180c72100004642
:100cf000019d023ca8da42d4000022462000204692
:100d0000148180e701000224251800000e00082449
:100d10000080063c8009c524260060140000000005
:100d20008009c1c4108180c701000146108180e79d
:100d3000802002000000854c8009c0e4010063248b
:100d4000f5ff0010010042240080023c26208200b2
:100d50000080023c4cff0010600a44ac148181c743
:100d6000000080443e0001460500004500000000f0
:100d7000148081c73e0900460500054500000000bb
:100d8000148180c7148180e7dfff00100100022476
:100d9000148180c721000046019d023ca8da42d49c
:100da0000100224620002046148180e7d6ff001073
:100db00001000224ed00681480380200148180c70d
:100dc0000080023c80094224380040e4380041c4dd
:100dd000108180c700000146108180e7108180c724
:100de000019d023c24da41c403000146308180e7c2
:100df000e88080c7dc8080e7e48080c7d88080e717
:100e0000e08080c7d48080e78c8180c7888180e7bc
:100e1000788180c7748180e7848180c7808180e782
:100e2000708180c76c8180e71c818cc7cc22400f09
:100e300000000000088180e71c818cc73c1e400f29
:100e400000000000048180e70c8081c7448082c7d5
:100e5000088180c7019d023c28da43c44308034649
:100e60004208024642080046e88081e70c8086c7b7
:100e7000448081c70881838f048180c70080043c3f
:100e8000261864000010834421110046019d023c95
:100e900070da48d4019d023c14da42c402000246d2
:100ea000210000462121084c83310346823101464e
:100eb000a13100460221264620212046e48084e715
:100ec0000c8084c7448081c70881828f048180c7d9
:100ed0002610440000108244a1100046019d023cef
:100ee0002cda45c40200054621000046a110084c3a
:100ef0000321034602210146212100468210244697
:100f0000a0102046e08082e7e08080c7448081c74f
:100f1000020003460300014600000346019d023c17
:100f200030da41c43e0a004698000b4501000146f4
:100f30000d00004600000544ffffa530e639400fd4
:100f400002000424e48080c7448082c7019d023ce3
:100f500028da41c4020001460300024600000146af
:100f6000019d023c30da41c43e0b00468c000f4527
:100f7000010001460d00004600000544ffffa530ba
:100f8000e639400f04000424e88080c7448082c70b
:100f9000019d023c28da41c40200014603000246da
:100fa00000000146019d023c30da41c43e0c00467f
:100fb00080001345010001460d0000460000054475
:100fc000ffffa530e639400f05000424148080c7d8
:100fd000108081c7010001460000024400f0427cfd
:100fe000019d033c34da60c4000882443e0d004693
:100ff0007a00144500000000148083c7108080c769
:10100000c11800460080043c1c0a84240c0085c4de
:10101000180081c40018014602000546140082c46d
:10102000019d023c20da44c42000444c00000344eb
:10103000140080e42800848c00f0627c000082446c
:10104000001084443c160046060018450000804409
:10105000001083443c0702465b001c450080023cb4
:10106000300a44ac0080033c1c0a60c402180046ed
:101070001c0a63241c0060e4040064c4140062c4fd
:1010800002210246200064e441180146080062c4bf
:101090004208024643080546240061e40000044675
:1010a00000000146000002442c00638c00f0447ce8
:1010b00000008444000883443c08004607000045c3
:1010c00000008044000882440080023c3c0101464c
:1010d0000200044526106200251060000080033cd9
:1010e000340a63e4108082af108080c7019d023c07
:1010f0003cda41c403000146208180e71c8180c79f
:10110000208181c70000014621000046019d023c6c
:10111000a8da42d43e132046c1000c45000000006e
:101120001c8180c7208182c721000046a8da44d4f0
:1011300001002446a110004600002246200020465f
:101140001c8180e7188080c7088181c702000146a2
:101150003c8180e7188080c7048181c70200014676
:10116000348180e713fe001086bf023c0000e54c8e
:10117000802003000800854c0f00442817ff8010d2
:1011800001006324e4fe0010010042240d0000462b
:10119000000005440080023c67ff00102528a200e3
:1011a0000d000046000005440080023c73ff001063
:1011b0002528a2000d000046000005440080023ce6
:1011c0007fff00102528a2000080023c262082001c
:1011d0000080023ca3ff0010300a44ac148080c79a
:1011e000108081c701000146000880443c0201468e
:1011f000460008450080043c1c0a84240c0084c47a
:10120000180081c4019d023c34da40c40108004644
:1012100002000446140082c4019d023c20da43c44b
:101220002000434c00000344140080e42800848c18
:1012300000f0627c00008244001084443c130046ad
:1012400006000c4500008044001083443c04024624
:10125000290010450080023c300a44ac0080033c69
:101260001c0a60c4019d023c38da42c402000246f6
:101270001c0a63241c0060e4040063c4140065c4f9
:10128000c2180546200063e441100146080062c40c
:101290004208024643080446240061e40000034675
:1012a00000000146000002442c00638c00f0447ce6
:1012b00000008444000883443c0d004607001445a8
:1012c00000008044000882440080023c3c06014645
:1012d000020018452610620025106000019d043ca4
:1012e0000080033c38da80c4340a60e4108082afa6
:1012f0007dff0010000000000080023c26208200dc
:101300000080023cd5ff0010300a44ac1c0a842443
:101310000c0084c4180081c4019d023c34da40c42e
:101320000008004602000446140082c4019d023ced
:1013300020da43c42000434c00000344140080e43e
:101340002800848c00f0627c0000824400108444f9
:101350003c17004606001c450000804400108344f2
:101360003c000246290000450080023c300a44aca3
:101370000080033c1c0a60c4019d023c34da42c474
:10138000020002461c0a63241c0060e4040063c4db
:10139000140065c4c2180546200063e441100146ec
:1013a000080062c44208024643080446240061e47f
:1013b0000000034600000146000002442c00638c3c
:1013c00000f0447c00008444000883443c0900464b
:1013d0000700044500008044000882440080023c6d
:1013e0003c020146020008452610620025106000fc
:1013f000019d043c0080033c34da80c4340a60e47c
:10140000108082af38ff0010000000000080023c16
:10141000262082000080023cd5ff0010300a44ac38
:101420001c8180c7208181c70000014600088044dc
:101430003e0401460d001045000000001c8180c7dd
:10144000208182c721000046019d023ca8da44d4d5
:1014500000002446a110004600002246200020463d
:101460001c8180e737ff001000000000208181c749
:101470001c8180c7000001461c8180e731ff0010fd
:10148000000000006526400f000000008c8180c72e
:10149000888181c701000146848180e7788180c707
:1014a000748181c701000146708180e78c8180c70b
:1014b000788181c7420801462000204c0400004684
:1014c000019d023c1cda41c402000146908180e784
:1014d000388083c7908180c7c11800460080043cd3
:1014e0004c0a84240c0085c4180081c400180146ed
:1014f00002000546140082c4019d023c20da44c467
:101500002000444c00000344140080e42800848c34
:1015100000f0627c00008244001084443c150046c8
:101520000600144500008044001083443c06024637
:10153000ac0018450080023c600a44ac0080033ccb
:101540004c0a60c4021800464c0a63241c0060e484
:10155000040064c4140062c402210246200064e452
:1015600041180146080062c4420802464308054685
:10157000240061e40000044600000146000002442b
:101580002c00638c00f0447c0000844400088344f9
:101590003c0f004607001c450000804400088244c0
:1015a0000080023c3c00014602000045261062001b
:1015b000251060000080033c640a63e40c8082af65
:1015c0000c8081c7000080443e09004601000745a9
:1015d0000c8080e7dc8080c7d88084c7d48082c735
:1015e0002100004621210046019d023c70da46d4cc
:1015f0000221264601002446a110004682102646fc
:1016000001002246019d023c78da42d402002246c3
:1016100020002046cc8080e7d88080c7d48081c756
:10162000019d023c14da42c4420802462800224cc2
:10163000019d023c18da41c402000146c48080e7e3
:10164000cc8081c72c8083c78c8184c7248088c7c5
:10165000808182c784818ac71c8080c7148087c725
:10166000788185c7c218044641080346210900460f
:10167000a1100046a1520046019d023c88da4cd4dc
:1016800082522c46019d023c80da4cd4a1104c4d74
:1016900021420046019d023c90da4ad402422a4689
:1016a00082102846019d023c98da48d483102846cf
:1016b00081202246020107460221054621210046db
:1016c00080102446a0102046a48082e7c48080c7f2
:1016d0002c8084c778818bc7248083c76c8182c7a4
:1016e000708185c71c8081c7148089c78c8187c79a
:1016f00002210b460101044621210046a1100046ab
:1017000021280046020026462110064ca119004659
:1017100082322a4602002a4603002846012020463b
:101720008208094682100746a110004601002246a1
:10173000200020469c8080e7a480828f9c808ec7fa
:101740000080033c26104300b11c400f006082441f
:10175000188180e7188181c7000080443c0a004658
:101760000800084500000000188180c721000046dd
:10177000019d023ca8da42d4000022462000204607
:10178000188180e7188180c70c8181c7010001465c
:10179000148180e7188180c70c8180e7148181c79c
:1017a000000080443e0b004605000c450000000090
:1017b000148081c73e0401460f001145000000005f
:1017c000148181c7000080443e0501462200154572
:1017d00000000000148180c7148180e70e00001013
:1017e000010002240080023c262082000080023c8e
:1017f00052ff0010600a44ac148180c721000046eb
:10180000019d023ca8da42d4000022462000204676
:10181000148180e701000224251800000e0008242e
:101820000080063c8009c5241900601400000000f7
:101830008009c1c4108180c701000146108180e782
:10184000802002000000854c8009c0e40100632470
:10185000f5ff001001004224148081c7000080447d
:101860003e0e0046dbff184500000000148180c7d3
:1018700021000046019d023ca8da42d40100224624
:1018800020002046148180e7e3ff001001000224bd
:101890002401681480380200148180c70080023c53
:1018a00080094224380040e4380041c4108180c7d8
:1018b00000000146108180e7108180c7019d023c35
:1018c00024da41c403000146308180e7308180c7bb
:1018d0007c8080e7148080c7019d023c3cda41c4d3
:1018e00003000146208180e7208183c7148180c7df
:1018f000c11800460080043cbc0984240c0085c447
:10190000180081c40018014602000546140082c474
:10191000019d023c20da44c42000444c00000344f2
:10192000140080e42800848c00f0627c0000824473
:10193000001084443c17004606001c45000080440b
:10194000001083443c000246fe0000450080023c3b
:10195000d00944ac0080033cbc0960c402180046b6
:10196000bc0963241c0060e4040064c4140062c465
:1019700002210246200064e441180146080062c4c6
:101980004208024643080546240061e4000004467c
:1019900000000146000002442c00638c00f0447cef
:1019a00000008444000883443c09004607000445c5
:1019b00000008044000882440080023c3c02014652
:1019c0000200084526106200251060000080033cdc
:1019d000d40963e4188180c70008824400000146ee
:1019e000188180e7188180c721000046019d023cd4
:1019f000a8da42d43e132046d7000c450000000070
:101a0000188180c7210000460100224620002046a0
:101a1000188180e7148083c7308180c7c1180046d1
:101a20000080043cec0984240c0085c4180081c4a7
:101a30000018014602000546140082c4019d023cc4
:101a400020da44c42000444c00000344140080e425
:101a50002800848c00f0627c0000824400108444e2
:101a60003c150046060014450000804400108344e5
:101a70003c060246c60018450080023c000a44ac01
:101a80000080033cec0960c402180046ec096324a2
:101a90001c0060e4040064c4140062c40221024615
:101aa000200064e441180146080062c4420802466e
:101ab00043080546240061e4000004460000014696
:101ac000000002442c00638c00f0447c000084443d
:101ad000000883443c0f004607001c45000080447a
:101ae000000882440080023c3c00014602000045a0
:101af00026106200251060000080033c040a63e4a5
:101b0000188180c700088244000001461c8180e7dc
:101b10001c8180c721000046019d023ca8da42d406
:101b20003e1120469f000445000000001c8180c734
:101b30002100004601002246200020461c8180e74b
:101b4000e88080c7dc8080e7e48080c7d88080e7b9
:101b5000e08080c7d48080e78c8180c7888180e75f
:101b6000788180c7748180e7848180c7808180e725
:101b7000708180c76c8180e71c818cc7cc22400fac
:101b800000000000088180e71c818cc73c1e400fcc
:101b900000000000048180e70c8081c7448082c778
:101ba000088180c7019d023c28da43c443080346ec
:101bb0004208024642080046e88081e70c8086c75a
:101bc000448081c70881838f048180c70080043ce2
:101bd000261864000010834421110046019d023c38
:101be00070da48d4019d023c14da42c40200024675
:101bf000210000462121084c8331034682310146f1
:101c0000a13100460221264620212046e48084e7b7
:101c10000c8084c7448081c70881828f048180c77b
:101c20002610440000108244a1100046019d023c91
:101c30002cda45c40200054621000046a110084cdc
:101c40000321034602210146212100468210244639
:101c5000a0102046e08082e7e08080c7448081c7f2
:101c6000020003460300014600000346019d023cba
:101c700030da41c43e0b004658000f4501000146d2
:101c80000d00004600000544ffffa530e639400f77
:101c900002000424e48080c7448082c7019d023c86
:101ca00028da41c402000146030002460000014652
:101cb000019d023c30da41c43e0c00464c00134505
:101cc000010001460d00004600000544ffffa5305d
:101cd000e639400f04000424e88080c7448082c7ae
:101ce000019d023c28da41c402000146030002467d
:101cf00000000146019d023c30da41c43e0d004621
:101d000040001745010001460d0000460000054453
:101d1000ffffa530e639400f0500042425fb001025
:101d200086bf023c0000e54c802003000800854c83
:101d30000f004428e0fe801001006324bafe00106a
:101d4000010042240080023c262082000080023ce8
:101d500000ff0010d00944ac188181c70000804406
:101d60003e0c00462bff104500000000188180c784
:101d700021000046019d023ca8da42d40000224620
:101d800020002046188180e722ff0010000000009c
:101d90000080023c262082000080023c38ff0010b8
:101da000000a44ac1c8181c7000080443e0a004602
:101db00063ff0845000000001c8180c72100004629
:101dc000019d023ca8da42d40000224620002046b1
:101dd0001c8180e75aff0010000000000d00004643
:101de000000005440080023ca7ff00102528a20047
:101df0000d000046000005440080023cb3ff0010c7
:101e00002528a2000d000046000005440080023c89
:081e1000bfff00102528a2000d
:020000040000fa
:020000041d00dd
:101e180088fdbd272c02b3af2802b2af2402b1afb0
:101e28002510a0004402bfaf4002beaf3c02b7afce
:101e38003802b6af3402b5af3002b4af2002b0af4b
:101e48006802bcf76002baf75802b8f75002b6f752
:101e58004802b4f7258880002598c0002590e00046
:101e68002528000030000324420043102e000324dc
:101e780064004314251800003c00228e4c00238e79
:101e88002b18430048006010010043243c0023ae97
:101e98000000429025a0000025a80000300003247f
:101ea80046004310010003241000a0af25f00000f5
:101eb80025b80000253800002580000025b0000066
:101ec800d0ff44240a00882c510000552e00082415
:101ed8002e00042450004410000000000aa0e30271
:101ee8000aa8e3007f02a010200043346500042400
:101ef8009e026414252020028c02a58f651b400fca
:101f08001002a7af0e0040141002a78f0080043cf7
:101f18000c006454211082028c02a38f7e02601090
:101f2800252800004c00248e05008010251800008c
:101f38003c00238effff63243c0023ae251840009d
:101f4800211082022b20540021a8a30225a04000c2
:101f580021a895008802a0c71000a48f65008014ee
:101f680021068046000080440000e0446e02001014
:101f7800020038463c00228e4c00238e2b1843006a
:101f880005006010010043243c0023ae000042908d
:101f9800b4ff001001000524932f400f25202002d4
:101fa800b0ff00100100052425202002932f400fc8
:101fb8001002a5afb7ff00101002a58f3c00228ebb
:101fc8004c00238e2b1843000a00601001004324a4
:101fd8003c0023ae00004290ffff84262b1894009b
:101fe800ffffb52625a0800021a87500abff0010d3
:101ff80001000524932f400f25202002f7ff001031
:10200800ffff842625a00000a7ff001025a80000d8
:102018000d0048140100e826340060140100032470
:1020280025a0e00225a8e0003c00228e4c00248e6a
:102038002b20440024008010010044243c0024aede
:102048009fff0010000042902b48170125b800019f
:102058007d00082a15000011213827013000423878
:102068000bf0e2020700c012801010001000a52734
:102078002128a2000000a58c0a000824023005715e
:102088002120c4001000a5272110a200000044aca4
:102098000100d62609000224e3ffc2160100052428
:1020a80001001026e0ff001025b0000030000424d5
:1020b800ddff44100002a28f5c041e24010042349c
:1020c800d9ff00100002a2af252020021802a7aff6
:1020d8001402a3af932f400f1002a5af1802a78fc9
:1020e8001402a38f76ff00101002a58f7dff001049
:1020f8002e0002241300f416c21712001200f51461
:10210800211052000f00a01ec21712000300a016d3
:102118000a00822e0b004010c21712001f00622a0c
:10212800030040100610640206004014c217120093
:1021380000008444251800000000e3448bff0010d1
:102148002100a04621105200431002002310020073
:10215800c31f02002a207500050080540080023c3d
:102168000900a3162b105400070040100080023c01
:1021780022000324780c43ac019d023c88d640d44d
:102188007aff001002c6204696ff4226c31f0200af
:102198002a20a302050080540080023c0800751420
:1021a8002b108202060040100080023c220003240b
:1021b800780c43ac019d023cf1ff001090d640d44e
:1021c8000800c012801010001000a3272110620020
:1021d8000a0004240900c32a1e0060540000438c2e
:1021e800010010260900c22b3700401025b88002d4
:1021f8002af09e023400c0171200822a32004010d2
:1022080009000224caff82121000a48f0900822a42
:102218001400401000008444251800000000e34426
:102228000800022423a054002100a046019d023c7e
:102238000200384644e3422480a0140021a0820210
:102248000000828e00088244210e8046b6010010ec
:10225800030038460100d62602186470ddff00101e
:10226800000043acf7ff82268018020023104300c9
:10227800211053001f00432803006010061044007b
:1022880012004014ffff0326f6ff9426019d023c2e
:1022980044e3422480a0140021a082020000828e20
:1022a8002518000000008244a100804600008444f4
:1022b8000000e3442100a046020038469a010010bd
:1022c8000210204625806000ffff032680100300cf
:1022d8001000a427211082000000428cf9ff401052
:1022e800090011241a009102f4012002108800004c
:1022f8001c00201289000b3c0100820609003126cf
:102308000800022423105100019d033c44e3632488
:1023180080100200211043000000468c9a3b073cc5
:102328001000a527251800002540000025200000e2
:1023380000cae734530090540000a28c05006010d6
:10234800801010001000a42721108200000043ac68
:102358000100102623b8f1020900f726258800019c
:1023680089000b3c9a3b143c9a3b0c3c25b000007e
:1023780012000d245f706b2500ca943625a8000052
:1023880001ca8c351200e22a51004014ffff1e26b4
:102398000700ed16801011001000a327211062001d
:1023a8000000428c2b104b004a0040147f00de33a3
:1023b8008900043c2f0f053c9a3b063c1200082478
:1023c8005f708424000aa524010007240900092459
:1023d80000cac634120030121000a3278010110062
:1023e800211062000000428c2b1844000c0060147d
:1023f800000000000c004414010022267f00423037
:1024080007000212801002001000a32721106200aa
:102418000000428c2b104500040040101c00e32ae9
:102428009300e812000000001c00e32a2510200198
:102438000b10e30004704700251840000778460099
:10244800ffffce2525102002255000006e005054b5
:102458008060020009004011010002267f0042301e
:102468007b005150ffff0226808010001000ab2730
:102478002180700100000aae25804000d5ff0010c1
:1024880021b0c302010089241b004600f401c000ea
:10249800121000002110430005008814105000009d
:1024a80003004014000000007f002831f7fff726e2
:1024b8001a00e600f401c0000000a2ac25202001ab
:1024c8000400a524121000009aff001002184a7098
:1024d8007f00de332548000080501e001000a22730
:1024e80021104a000000488cc2100800404708002c
:1024f800217009012b40c801214002010300001589
:102508002b10cc01240040142510c0012520c00147
:1025180025280001253080022538a0021c02aaaf18
:102528001802aeafc518400f1402a8af1802ae8f3c
:102538001402a88f253080022538a0022520c0016a
:1025480025280001b419400f1002a2af8900033cee
:102558001002a98f1c02aa8f5f706b349a3b033c50
:1025680012000d2401ca6c341000a32721506a0000
:10257800ffff03267f00633009007e14000042ad90
:102588000900d153251820020a80c203ffffde2765
:10259800d1ff00107f00de33f3ff00102548000054
:1025a800fbffd157ffffde2776ff2051e3ffd6263a
:1025b800ffff31267f0031320c001116ffff622425
:1025c8007f0042301000a4278010020080280300fa
:1025d80021108200212885000000a58c0000448c71
:1025e8002580600025208500000044ac8010110083
:1025f8001000a327211062000900f726000049ac4b
:1026080060ff0010e3ffd6261000ab2721586c01ad
:1026180000006b8d06686b002150aa01050051145b
:1026280001004d24040040551000a2277f00b1315d
:10263800f7fff7261000a22721604c0000008aada2
:102648002450cb0102504f7180ff00107f00a2314f
:102658007f0042301000aa2780100200211042019a
:1026680000004a8c01004a3584ff001000004aac83
:1026780007003016010024267f009030ffff022655
:10268800801002001000a32721106200000040ac57
:102698001000a22780281100212845000000a28ce4
:1026a8002518000000b080440000824400b0e044d7
:1026b8000000e3447f0082302105a046080002168e
:1026c80000a53646010010267f001032ffff0326c2
:1026d800801803001000a42721188300000060acb4
:1026e800801002001000a327211062000000448c13
:1026f80025280000019d023c0000844498d642d45d
:102708000000e5443500d5262100a04621a5024c4d
:1027180023a0b2022a1093026300401002c5344677
:102728006400800601001e2425b8800200d0804481
:102738003500e22a00d0e0441500401006d72046b4
:10274800019d023ca0d65cd4690006242330d70042
:102758006333400f06e3204606032046173a400f2e
:1027680086a3204606e32046350006242330d700fa
:102778006333400f8606204686032046253a400fdd
:1027880006a3204601a520460607204600d5344664
:10279800020022267f0042301d0050101000a3279f
:1027a80080100200211062000000438ccd1d023c05
:1027b800006542242b2062004000801000000000c9
:1027c80004006014030031267f0031320500301206
:1027d80035000224019d023ca8d640d421c7804f71
:1027e8003500022423105700020042280800401434
:1027f800019d023ca0d658d406e32046253a400f56
:1028080086c32046320036460100034500e73846b5
:102818002390120000a53c4623985302ffff62262e
:1028280000f0b57e2aa8a2021a00a01681a63a4690
:102838001e3a400f06d32046019d023cc0d642d422
:102848003e112046090004453400c2260200c01388
:1028580026a097022bf01400019d023cb8d640d464
:102868000100d62682d620463400c22603007326ed
:102878002a985300050060520080023c0500c013ee
:1028880032e23646030009450080023c2200032458
:10289800780c43ac06d320462c3a400f2530c002b2
:1028a800220000104402bf8f25b860029fff00106d
:1028b80025f00000a2ff001025b8000004006250b7
:1028c80003003126019d023cc4ff0010b0d640d45d
:1028d8007f003132fbff3016019d023cbfff001024
:1028e800b8d640d4090040040080023c4c00228e37
:1028f80004004010000000003c00228effff42242c
:102908003c0022ae93fda0140080023c1600032474
:10291800780c43ac25280000d938400f2520200228
:10292800000080440000e0444402bf8f4002be8f94
:102938003c02b78f3802b68f3402b58f3002b48f9d
:102948002c02b38f2802b28f2402b18f2002b08fdd
:102958006802bcd76002bad75802b8d75002b6d7b7
:102968004802b4d70800e0037802bd27dfff41041e
:0c2978008802a0c779fd00101000a48f99
:020000040000fa
:020000041d00dd
:10298400000080440300a22c750240100000e044c3
:10299400019d023c40e3422480ffbd272110a20098
:1029a4005400b7af00005780019d023c4028050049
:1029b40038e342242128a2004800b4af0000b484c4
:1029c4004400b3af3800b0af5c00bfaf5800beaf37
:1029d4005000b6af4c00b5af4000b2af3c00b1af51
:1029e4007000b8f76800b6f76000b4f72598c00027
:1029f400258080003c00028e4c00038e2b1843007f
:102a040036006010010043243c0003ae00005690e1
:102a140020000224f7ffc212f7ffc2260500422c51
:102a2400f4ff40142b0002240500c21225100000fc
:102a34002d0002240b00c2160100122402000224fd
:102a440001001224239042024c00038e3c00028eab
:102a54002b18430025006010010043243c0003ae02
:102a640000005690019d153c258800009cebb5267e
:102a74002118b102000063802000c2361f004310f9
:102a840003000224050022120400222e40004014f8
:102a940000000000e40060524c00028e4c00038ee3
:102aa40004006010000000003c00028effff42247e
:102ab4003c0002ae1f006012030004241e00241216
:102ac400ffff0224fdff6010ffff31263c00028e51
:102ad400ffff4224f9ff00103c0002ae932f400f89
:102ae40025200002caff001025b04000932f400f9c
:102af40025200002dbff001025b04000070002245f
:102b040009002252010031263c00028e4c00038e43
:102b14002b1843001a006010010043243c0003ae4c
:102b2400000056900100312608000224d1ff22162d
:102b34002118b102ffff0224fe014212019d023c52
:102b4400d8d640d45c00bf8f5800be8f5400b78fd6
:102b54005000b68f4c00b58f4800b48f4400b38f3b
:102b64004000b28f3c00b18f3800b08f7000b8d7ee
:102b74006800b6d76000b4d70800e0038000bd2722
:102b8400932f400f25200002e6ff001025b04000df
:102b9400a4002016019d153ca8ebb5262118b1020e
:102ba400000063802000c23640004310020002246b
:102bb4009c00201630000224d501c21625a8e0028c
:102bc4003c00028e4c00038e2b1843009c006010c6
:102bd40000000000010043243c0003ae00004290ca
:102be4002000423478000424c40144144c00038eb1
:102bf4003c00028e2b184300950060100100432412
:102c04003c0003ae00004290254000003000032445
:102c1400930043102e0003249e00431025f000006f
:102c2400253000002538000000b08044019d163c8a
:102c340000b0e044a0d6d8d606b52046251800003a
:102c44002528000025480000d0ff4a240a00442d0e
:102c5400b6008014200044349fff84240600842c92
:102c6400b20080142e000424b300441000000000bd
:102c7400fb0000550af067004c00028eb0014010c2
:102c840000000000ef0060123c00028e0200e054dd
:102c9400fdff4224feff42243c0002ae00009244a9
:102ca40021008046a7ff001002003446090022528a
:102cb400010031263c00028e4c00038e2b18430089
:102cc40010006010010043243c0003ae0000569045
:102cd4000100312603000224b1ff22162118b1029b
:102ce4003c00038e4c00028e2b10620009004054fd
:102cf40001006224932f400f2520000208000010d9
:102d040028004238932f400f25200002f0ff0010c6
:102d140025b040003c0002ae00006290280042381a
:102d24002b1002000a004010010011244c00028ef6
:102d3400040040543c00028e019d023c81ff0010bf
:102d4400d0d640d4ffff4224fbff00103c0002ae6b
:102d54003c00028e4c00038e2b18430011006010bf
:102d640000000000010043243c0003ae0000429038
:102d7400d0ff43240a00632c080060142518400087
:102d84004429037cbfff63241a00632c03006014ee
:102d94005f0003240700431429000324ecff001000
:102da40001003126932f400f25200002f1ff00106f
:102db400d0ff4324e1ff4310019d023c4c00038eed
:102dc40004006010000000003c00028effff42245b
:102dd4003c0002ae0f006016000000000080023cc0
:102de40016000324780c43ac25280000d938400f82
:102df400252000020000804452ff00100000e0443f
:102e040004006010ffff31263c00028effff4224c5
:102e14003c0002aefaff2016019d023c49ff00105f
:102e2400d0d640d44c00028eedff40100080023c0e
:102e34003c00028effff4224e8ff00103c0002ae7b
:102e4400932f400f2520000266ff0010200042341b
:102e5400932f400f252000026cff00102540000036
:102e64003c00028e4c00038e2b18430005006010ba
:102e7400010043243c0003ae0000429063ff0010b5
:102e840001000824932f400f252000025fff00104b
:102e9400010008243c00028e4c00038e2b184300d2
:102ea4000a006010010043243c0003ae000042907d
:102eb40025f00000253000003000032408004310f2
:102ec4000100072459ff001000b0804425200002af
:102ed400932f400f1800a8aff5ff00101800a88f1b
:102ee4003c00028e4c00038e2b1843000a00601035
:102ef400010043243c0003ae00004290ffffc427be
:102f04002b189e00ffffc62425f0800021306600a8
:102f1400e9ff00100100082425200002932f400f30
:102f24001800a6aff5ff00101800a68f2e00042489
:102f3400110044143a0044280501e01425506000af
:102f44002558a000010007243c00028e4c00048e8a
:102f54002b2044002a008010010044243c0004aecd
:102f64000000429025f060002530a00025184001a3
:102f740035ff00102528600102008014200042342f
:102f8400a9ff4a241600a01c000000000300a0149e
:102f94000800622c0a0040100e00622c0089110007
:102fa4002188510101006a242b184301215865002e
:102fb400010008242518c003e3ff00102528c000e1
:102fc40007004010019d023ce0d640d402c62046d2
:102fd40000008a4421008046f2ff0010a105d84e6b
:102fe400f1ff401101006a24efff2015019d023c0e
:102ff400b8d640d401000924ebff0010a1c5c04e8f
:10300400252000023000abaf2c00aaaf2800a5afea
:103014002400a3af2000a8af1c00a9af932f400f3a
:103024001800a7af3000ab8f2c00aa8f2800a58f03
:103034002400a38f2000a88f1c00a98fc9ff0010b3
:103044001800a78fffff42243c0002ae2528000091
:10305400d938400f2520000211ff001000009244cf
:103064000a30a7000600a05c200042341600a01419
:103074000800642c150080140100642420004234ec
:10308400700003243a00431425286002252000021e
:10309400651b400f1800a6af140040141800a68f3b
:1030a4000080043c11006414000000004fff601213
:1030b400252800004c00038e090060543c00038e58
:1030c4000900001025100000010064242b3883003f
:1030d4000089110025188000e2ff00102128e50076
:1030e400ffff63243c0003ae25180000ebfe201212
:1030f400f8ffc4272bf09e00ffffc62421f0c6036f
:10310400822f040080f01e008020040025f0be0001
:10311400211082002b2044002118c303232814000b
:1031240021188300c32705002a3883002580400026
:103134000500e01425306000140064142b28a2005c
:103144001300a01096ff84260080023c2200032472
:10315400780c43ac019d023c0000924488d642d4d2
:10316400210080460200224676fe0010020022461c
:103174004c00028edcff4050251000003c00028e03
:10318400ffff4224ceff00103c0002ae96ff8426cf
:10319400c32f04002a3865000500e0540080023c77
:1031a4005200a3142b204400500080100080023ce5
:1031b4002200032400009244780c43ac019d023c9d
:1031c40021008046e7ff001090d642d43e003646e8
:1031d400440000454088110001b122460100312617
:1031e40080b52446ffff04262b109000ffffc32464
:1031f4002580800021304300f4ff210620000426ae
:103204002b1090002118460023289400c3171400a3
:10321400231062002b208500c33f170023104400b5
:10322400000092442a1847000500601421068046d5
:103234000700e2142bb8b7000600e05200008044f7
:1032440023a01402200095260500a20625a800004c
:10325400000080443500a22a120040100000e0441f
:10326400a0d6ccd6540006246333400f2330d500b7
:103274000603204686c32046173a400f2000b52a8d
:103284000800a01232b1344606000545010022327e
:10329400050040140008914400b080440100312628
:1032a40000b0e04400089144251800000008e344fd
:1032b400210ba0462163184c21c3964d016320467f
:1032c40032623446030008450080023c2200032495
:1032d400780c43ac2c3a400f253000021afe001043
:1032e4005c00bf8fbfff001080b53646019d023cd5
:1032f400b8d640d4c0ff0010a0d6c2d60500605096
:103304001400b3af3c00028effff42243c0002ae27
:103314001400b3af1000b2af253880022530e002ac
:103324002528c0028607400f2520000206fe001053
:103334005c00bf8f019d023c02fe0010c8d640d441
:1033440057fe60560000924441ff001025280000fb
:1033540044ff00152e00022448fe00104c00028e8b
:083364000800e0030000000076
:020000040000fa
:020000041d00dd
:10336c0068fdbd27ecffc2287002beaf7402bfaf70
:10337c006c02b7af6802b6af6402b5af6002b4af0f
:10338c005c02b3af5802b2af5402b1af5002b0af4f
:10339c008802b8f78002b6f77802b4f725f0a000df
:1033ac000600401425180000fdffc3241800022459
:1033bc001a006200f401400012180000a802a28f4b
:1033cc00019d083c389c0825801002002110480003
:1033dc000000558cffffe82423606800019d0b3c26
:1033ec002168a8025001a92725108001309b6b256c
:1033fc0023504c002a50aa01870040111000b62718
:10340c00c04807005001a227214849002560c0028e
:10341c00255800002a50ab0298004011010071247d
:10342c00e8ff09240210297280b815002598a00223
:10343c0021884600019d063cc0e2d4d4019d063c87
:10344c00c8e2d6d4f001a22721b85700c03013002f
:10345c000103d64c019d063cb0e2c2d4019d063c52
:10346c00b8e2c4d4f001b027255000022548600210
:10347c008700201d25302002a402a7af9802a4af1c
:10348c004802a8af6333400f4002a3af0203344697
:10349c00c02f400f06062046020036464002a38f7e
:1034ac004802a88f9802a48fa402a78f01c62046b9
:1034bc000dc0204600001444210080468100201ad3
:1034cc0001c62046ffff6626803006002130c6026a
:1034dc00e001d28c18000924235031010748520115
:1034ec0021a089020448490123904902e001d2ac91
:1034fc00170006242330d1000790d2002200405a36
:10350c0000008044ff000b3c010094262550000075
:10351c0025480000ffff6b3500010c3c2a3053019d
:10352c007600c014000000000500201a01000624db
:10353c00810026120200062486002612ffff662652
:10354c00020006240f004616019d063cd8e2ccd49e
:10355c000c0020110166384625302002a402a7afca
:10356c009802a4af4802a8af6333400f4002a3af48
:10357c0001c62046a402a78f9802a48f4802a88fe8
:10358c004002a38f000080440000e04432c120467a
:10359c00a6000445ffff70262530000225480000d8
:1035ac002a50d500700040518050060095002051e3
:1035bc002530e00280181000f001a22721184300ea
:1035cc000000638c97006010e8ff3126019d033cde
:1035dc00d8e26cd46333400f25302002019d043cab
:1035ec00b0e284d425180002ad006104252000024d
:1035fc00019d093cc5008004c030040000008044db
:10360c00f09a28252130d6000000e044253800002f
:10361c00b40000102318040200008044060040048b
:10362c000000e0448050020021506a0100004a8de5
:10363c0000008a4421008046000020f5010042244d
:10364c006bff001008002925c0700a008100c44dd2
:10365c000000a1d501004a252110014c2a700a0155
:10366c00f9ffc011f8ffad25000080f501006b25b6
:10367c0008008c2567ff00100800292500008044f5
:10368c00256820010000e044f4ff001025500000e4
:10369c0002602246ffff2925c030090004004a259c
:1036ac000d002046210080468201244601632646f7
:1036bc004d6020460103d64cfcff41e56cff001029
:1036cc0000032c4606002016ffff662680300600fd
:1036dc002130c602e001d28c88ff0010c395120085
:1036ec00019d063cd0e2c0d43e003846a5ff004503
:1036fc002590000083ff0010020012240a00201500
:10370c000000068e0500c05001004a2523308601ba
:10371c00000006ae0100062401004a250400102614
:10372c007eff00102548c00023306601000006ae65
:10373c00f9ff001025302001ffff662680300600bf
:10374c002130c602e001ca8c00b04a7d7cff00101b
:10375c00e001caac803006002130c602e001ca8c00
:10376c00faff001000a84a7df001a22721504a0060
:10377c0000004a8dffffc62489ff001025482a014e
:10378c0001004a25fcffc6240000c98cfcff201157
:10379c005001a22721306702c0300600019d0b3c6e
:1037ac00010069262130460021986a02309b6b2566
:1037bc002a50690225ff40152150690080500a00eb
:1037cc0021506a0100004a8d2560c00000008a4427
:1037dc0025500000210080460000c0f40000804409
:1037ec000000e0442a680a010800a011c0680a0021
:1037fc00c05009000900564d01002925ecff0010ae
:10380c000800c624dfff001001000a24000081d547
:10381c008100a44d01004a25f8ff8c25f1ff001012
:10382c002110014c63ff0010ffff102606c3204639
:10383c006333400f23301100019d033cb8e264d484
:10384c003e2220461100084580181300019d043cbf
:10385c00b0e282d4010070262120c30282002246ed
:10386c00801810002118c302180031264d10204674
:10387c00a108804682102446010022460d002046f5
:10388c00e00180e451ff0010e00161e42120c3025b
:10389c000d002046e00180e44cff00102580600202
:1038ac0080200300f001a227212044000000848c1a
:1038bc00c0300300ffff632400088444a108804645
:1038cc00821020460200244647ff00100910d64cf7
:1038dc000000c1d40100e724080008252110014c88
:1038ec000800c6242a50a702030040152a5067007e
:1038fc00f7ff4051000002d5c01803002118c30285
:10390c00a00060f43bff0010ffff8424a802a28fec
:10391c000300422815004010a802a28f6a00405ce8
:10392c0025100002420040504002a0af7402bf8f2d
:10393c00070082327002be8f6c02b78f6802b68f9e
:10394c006402b58f6002b48f5c02b38f5802b28fe1
:10395c005402b18f5002b08f8802b8d78002b6d70c
:10396c007802b4d70800e0039802bd27a802a38f01
:10397c0003000224edff6214b000a827c010100051
:10398c002110020125184000252000025a00801c3d
:10399c00f8ff632425180002020064285f008010e1
:1039ac00f8ff422425300000253800000200022ace
:1039bc0063004010b000a48fb400a58fb800a88f8e
:1039cc00bc00a98f670040160000c4af0400c5af4f
:1039dc000800c8af0c00c9af1000c6afd3ff001071
:1039ec001400c7af4002a1d70100434cffff1026c3
:1039fc00000820464002a0f7faff0106c010100094
:103a0c00080040124002a28f4402a38f4802a2afca
:103a1c000080023c261043004c02a2af4802a0d703
:103a2c004002a0f74002a0d7c0ff00100000c0f772
:103a3c004402a0aff0ff0010b000a3274002a1d7b2
:103a4c000100644cffff4224000820464002a0f70e
:103a5c00faff4304c01802004002a28f0500401276
:103a6c004402a38f4402a58f4002a28f0080063c23
:103a7c002618c500b000a0d74002a1d70000c2afe5
:103a8c000400c3af010021460100062400000844d5
:103a9c00000069442a3806020f00e0100800842454
:103aac00060040120080023c261049004002a8afdc
:103abc004402a2af4002a88f4402a98f0800c8afed
:103acc009aff00100c00c9af4002a0af4402a0af97
:103adc00dfff0010b000a42700088844000080d449
:103aec000008e9440100c6240008204600000844f0
:103afc00e8ff001000006944000060d4080061d4a5
:103b0c00ffff84248000214601002246000062f45d
:103b1c00000021469dff0010080060f4000040d416
:103b2c00080041d4ffff6324800021460100224697
:103b3c00000042f40000214697ff0010080040f4fa
:103b4c00c0101000000886440100484c0008e744ef
:103b5c00ffff1026000820460000064493ff0010cb
:103b6c00000067440080023c261845000400c3afe7
:103b7c0026184900261047000800c8af0c00c3af38
:0c3b8c001000c6af69ff00101400c2afab
:020000040000fa
:020000041d00dd
:103b980068ffbd27a400a7af0000c0d41000a28c06
:103ba8007800beaf1800a0f7000080441800a1d725
:103bb8000000e0446400b3af3c0820466000b2afa8
:103bc8005c00b1af5800b0af7c00bfaf7400b7afb6
:103bd8007000b6af6c00b5af6800b4af8800b6f738
:103be8008000b4f79800a4af2588a0000000b28c2c
:103bf8000400be8c0800b38c4000a2af0800014549
:103c08000c00b08c040042323900401408005432d1
:103c18000f00801225b060020a0000102000022464
:103c28001800a28f1c00a38f2000a2af0080023cc6
:103c3800261043002400a2af2000a1d72d000224a3
:103c48001800a1f7000002a2ffff76260100142445
:103c58001c00a28f1800a48f2118140200f0427cc7
:103c6800270080142800a3aff07f033c25004314ed
:103c7800f07f053ca400a28fbfff51241a00312e0b
:103c88001d002012019d053c019d053cbceba524af
:103c98006a39400f2800a48fa038400f2520000261
:103ca8009800a48f1000b2af2538600225280002c2
:103cb8005f2c400f253040007c00bf8f7800be8ffe
:103cc8007400b78f7000b68f6c00b58f6800b48f22
:103cd8006400b38f6000b28f5c00b18f5800b08f62
:103ce8008800b6d78000b4d70800e0039800bd2745
:103cf800d4ff00102b000224e5ff0010c0eba52420
:103d0800f07f053c0100a3242b18430005006050f8
:103d1800a400a28f0c0045141800a1d70a00801037
:103d2800a400a28fbfff51241a00312e0400205294
:103d3800019d053c019d053cd5ff0010c4eba52461
:103d4800d3ff0010c8eba524019d053c019d023c52
:103d5800320920462c00a2af60e6b4d41f00044507
:103d680025a80000a400a48f093a400f2000a5afa1
:103d78002014027c2000a58f3401c00767000424aa
:103d88002900441425b840000100c05301001e2436
:103d9800fcffa42a030080142a20be0225018014f7
:103da800000000002a0000106500172406052046c0
:103db8000100b52602a022461800a1d73c0a2046d9
:103dc800faff08452c00a38f019d043c2510000034
:103dd80070e680d40f00001068e662d4f5ff00108a
:103de80068e642d4d4fea42a0800805003a52246df
:103df800050040141800a1d702a52046010002249e
:103e0800420820461800a1f703a52246ffffb52661
:103e18001800a1d73c0b3446f2ff0d45a400a48f2f
:103e2800d1ff001000000000660004240800e4161a
:103e38000100de270300a1066700042460e6b4d46d
:103e480025a80000020044106600172421f0d503bd
:103e58001800a0d786a52046252800002000a0f736
:103e68002000a0d74c00a5af4800a2afc02f400f3c
:103e7800030336462000a28f0080073c4d002046f1
:103e88003000a2af2400a28f4400a1e786b32046e9
:103e98002610e2003400a2af3000a1d70603204666
:103ea8009910400f1000a1f700006d440080073cf6
:103eb8002610ed002400a2af2c00a28f4c00a58f85
:103ec80000000c4468e640d40100a5242000acaff3
:103ed80083b52046e2ffc5174800a28f019d043c28
:103ee80078e68ed42000a0d782b32e463c042e4616
:103ef8005e00114532052e46050014454400a38f87
:103f0800000080440000e04401006430920324462d
:103f18002c00a38f1800a0d768e676d400002e46a0
:103f280082a53646000004443eb620465200184595
:103f380000006544660007245000e7160100b52616
:103f48000100de272548a00223183e011800a3af70
:103f580025f0800225600000257800001800a38f56
:103f6800060069102568c00310002a8efbff4a2549
:103f78002b50ca0346004055000084440600e01553
:103f8800100042320400401021680d022e00022465
:103f98000100de270000a2a121201e0265000224e4
:103fa8002200e216000080a00300a10625280000d8
:103fb80023a81500010005244000a28ffeffcc268f
:103fc8000a000b24ffff422421480202000020a11e
:103fd800020009248600a016213089018400201dd2
:103fe8002b0003242d0009240b1825012528600027
:103ff80021180202ffff65a0a400a38ffeff422440
:1040080021280202bfff71241a00312e4500032423
:104018000bb871002a38c2030000b7a00300e010f3
:10402800feffd6246a39400f000000000300423228
:104038000200032418ff43140000000016ffc01af2
:1040480000000000a038400f252000022a18540064
:10405800710060102530c0022800a48f2e39400f4f
:10406800300005240cff00102598000000708044e3
:10407800a7ff00100070e04486a520466500e93ad5
:104088002518a0020a180900afff00102548600093
:104098005000a2af0000e5444c00acaf0303364625
:1040a8004800afaf4400a9af3000adaf2000a4afc7
:1040b800c02f400f2400a5af4d00204600080a4439
:1040c80009000e240a0058290a50d80110004e325f
:1040d8002570ca012000a48f2400a58f3000ad8f61
:1040e8004400a98f4800af8f4c00ac8f0b00c0155f
:1040f8005000a28f67000e2408004e140000000034
:104108001d00200501008e252568c00321c01e0260
:10411800257080010f00001030001924fbffe055c6
:104128002568c003f9ff23052568c00321680d022f
:104138002e000e240100de27ffffd6260000aea1c8
:10414800f1ff001001000f24000019a3ffffce2586
:1041580001001827fcffc015ffffc62621680d02c5
:104168000100c7272168ac0130004a2523b0cc00e4
:1041780021f0ec000000aaa100800a3c4c00a2af8c
:10418800261045013800a4af3c00a2af3800a1d7e3
:1041980086b32046060320461000a1f74800aeafbc
:1041a8004400afaf3000a9af2000a4af9910400f72
:1041b8002400a5af2c00a28f00000c4400006d4421
:1041c8003000a98f68e640d44800ae8f00800a3cd2
:1041d8002520800126284d0183b52046ffff29258b
:1041e8002560c0014c00a28f5cff00104400af8f17
:1041f8001a00ab02f4016001ffff422421300202e1
:10420800ffff29251050000030004a250000caa0f1
:1042180070ff001012a8000021180202000064803c
:104228002118c20221180302000064a087ff0010b1
:10423800ffff422403ffa10667000424fafe0010d2
:1042480066001724d2fe001006001e24d0fe44107b
:0c42580006001e24f4fe001025b84000f3
:020000040000fa
:020000041d00dd
:1042640068ffbd2700600644006067443000a4274f
:104274009800acf78400bfaf6000b0af8800b4f71b
:10428400a000aef7a800b4d78000beaf7c00b7afe3
:104294007800b6af7400b5af7000b4af6c00b3afc4
:1042a4006800b2af4033400f6400b1afa000aed796
:1042b4002000a427007006444033400f0070674478
:1042c40000a0064400a067444033400f1000a42718
:1042d4003800b08fa000aed7cb03022a05004010ef
:1042e4009800acd72800a68fcb03c2280300401443
:1042f4001800a28f0600001021658e4ecb034328c0
:1043040011006014cb0303240100435421658e4e35
:104314008400bf8f06a020468000be8f7c00b78f2c
:104324007800b68f7400b58f7000b48f6c00b38fb3
:104334006800b28f6400b18f6000b08f8800b4d77a
:104344000800e0039800bd273000a88f2000aa8f42
:104354002400a48f3400ac8f19000a0121800602c6
:1043640023905000127000004000aeaf4000b78fa1
:10437400107800004400afaf4400a38f190004017b
:10438400124000001048000019008a011250000079
:1043940021b00a012b28c8021058000021502b011b
:1043a4002128aa00190084012158c3022b2063018b
:1043b40012600000212885012120a400106800005b
:1043c4002b50ac0021504d012b188500258880000e
:1043d400a500401a21506a004000432a1000a98f0a
:1043e4006d0060101400a88f2520200125280001ed
:1043f400253040025400aaaf5000abafa000aef786
:104404009800acf74c00a9af0338400f4800a8afa0
:104414004c00a98f4800a88f4000062425202001c5
:10442400252800012330d20025984000f437400f9e
:104434004000a3af4000a78f9800acd7a000aed730
:104444005000ab8f5400aa8f2548400025406000df
:104454002c00a28f3c00b28f269042021c00a28f37
:10446400ac00521421f077022b18d30321b0eb00d7
:1044740021b076002b10c702070040140100052468
:104484000500f654252800002b98d303030060167a
:1044940021a031012528000021a031012b1089021f
:1044a40021180a0121a0b400211843002b288502f9
:1044b40021a8a30025208002d534400f2528a0027e
:1044c400ffff5124400006242330d1002520c003df
:1044d400f437400f2528c002253020022520800211
:1044e4002528a00225b840000338400f2598600015
:1044f400253020022520c0032528c00225b8e20269
:104504000338400f25986302251043002b10020046
:10451400400010262510e20225204000060040122b
:1045240025286002233002002b18060023381300cc
:104534002520c0002328e300000084442330110216
:104544000000e544c4fbc328ce0060102103a0464c
:10455400c3fb0324cf00c354802d1300ac004012ce
:10456400019d033cc8e662d432102c46ab000045e2
:10457400401d0200019d023cd0e640d4019d023c56
:10458400d8e654d4026320462063204621630046c3
:104594005fff001002653446c0ff5226c0ff50245e
:1045a40025980000aaff4012253800004000422a46
:1045b400500040105800aaaf4000a48f40001524ba
:1045c40023a8b202252860012530a0025400a7af19
:1045d4005000a8af4c00a9afa000aef79800acf70c
:1045e4000338400f4800abaf4800ab8f4000a48fa6
:1045f4002530400225286001f437400f25b84300d8
:104604005800aa8f252020022530a0022528400129
:104614002bb8170025b0600025b8e2020338400f1c
:104624004800aaaf4800aa8f2558c30225202002bb
:1046340025284001253040024000abaff437400f3d
:1046440025b8e20225884000255060004000ab8f69
:104654009800acd7a000aed74c00a98f5000a88f0b
:104664007bff00105400a78f239002020500401620
:104674001000b38f1400a78f2548000074ff0010aa
:10468400254000004000422a1f0040101000b48f53
:104694001400b58f400006242330d2002520800268
:1046a4002528a0024800aaaf4000abafa000aef797
:1046b4000338400f9800acf7251043002530400222
:1046c400252080022528a002f437400f2b980200f1
:1046d4002598620225386000254800002540000026
:1046e4009800acd7a000aed74000ab8f58ff0010a5
:1046f4004800aa8f010017242558000025880000cf
:1047040053ff00102550000001001324daff0010ad
:104714002538000023f0f3022b18fe0223b06701b2
:1047240023b0c3022b1076010100052406004014b7
:10473400253000000400cb56252800000300601437
:104744002360290225280000236029022ba82c02bb
:10475400231848012318750023a085012b609401b8
:104764002318660023a86c001200a106232031013f
:1047740023f077022b987e0223b0eb0023b0d30200
:104784002b10240123180a0125a0d60321a8850093
:10479400231862002ba014002b20a4022118660009
:1047a40023a0b402211883002ba8b40223a8750007
:1047b4000100522e251095023eff40142510d60309
:1047c400d3fe405021658e4e2520c003d534400fc2
:1047d4002528c002ffff512407002106c01f160030
:1047e40042101e00251062000100de3325105e0019
:1047f40049ff001042981600253020022520c003ee
:104804000338400f2528c00243ff0010259860009c
:10481400019d033c54ff0010c0e662d419006010ef
:10482400c01f130042200200252064000100423012
:1048340042981300254082000040023c06004012ca
:1048440025485300231008002b18020023200900d8
:10485400254040002348830000008844019d023c19
:104864000000e944d8e64cd42100a04600002046cc
:104874000100224602032c468100204602632c4696
:104884002163024c6333400f00000000a0fe0010bf
:104894000605204680250200821202002b20040017
:1048a4002510a20025108200823d02000448137cda
:1048b4002528f30006004012802202002310040081
:1048c4002b18020023380500252040002328e3008c
:1048d400000084440000e544eaff00102103a046e0
:020000040000fa
:020000041d00dd
:1048e4002518e0000400c78c0000c68c70ffbd27ab
:1048f4008000baf70000864400d080440000e744fa
:1049040000d0e0441000a28c3c003a464c00b3af07
:104914004800b2af4400b1af4000b0af6400bfafd5
:104924006000beaf5c00b7af5800b6af5400b5af7f
:104934005000b4af7800b8f77000b6f76800b4f769
:104944009000a4af0000b28c0400b18c0800b38cba
:104954002000a2af080001450c00b08c04004232d4
:1049640037004014080057320d00e01225f06002b1
:1049740008000010200002240080023c261047009a
:104984001c00a2af1800a6af1800a68f1c00a78faa
:104994002d000224000002a2ffff7e26010017243e
:1049a400bfff65242548c00000f0e27c2800c01445
:1049b4001a00a52cf07f033c26004314f07f0a3c28
:1049c400212017022000a010019d113c019d053cef
:1049d400aceba5246a39400f00000000b0eb24269c
:1049e400a038400f000000009000a48f1000b2af68
:1049f40025386002252800025f2c400f2530400036
:104a04006400bf8f6000be8f5c00b78f5800b68f04
:104a14005400b58f5000b48f4c00b38f4800b28f50
:104a24004400b18f4000b08f8000bad77800b8d767
:104a34007000b6d76800b4d70800e0039000bd2723
:104a4400d4ff00102b000224e2ff0010b0eb252657
:104a5400f07f0a3c010043252b1843000500601039
:104a6400212017020d004a54000086440b002051f7
:104a7400000086440700a010019d113c019d053ce7
:104a8400b4eba5246a39400f00000000d4ff0010e5
:104a9400b8eb2426fbff0010b8eb252630000224d7
:104aa4000000e744000082a032013a465800032483
:104ab40078000224019d093c0b10650025a8000024
:104ac400a900044558e534d500c086440000342ac2
:104ad400180009240a48340286a5204600c0e74489
:104ae400010082a0010034252510000003c33646ce
:104af4003000a5af2400a2af1800a6af1c00a7afda
:104b0400c02f400f019d163c820036462400a28f20
:104b14002800b6af1800a68f010042241c00a78ffe
:104b24003000a58f01c6224670e5c2d604002106d6
:104b340082b5224632c53a4603001545019d043c20
:104b4400eaff8216019d043c78e582d482b02246b5
:104b54003cc62246a000194532c7224608001e451d
:104b6400000086440d0020460000044400008044f8
:104b7400010084300000e044920024460000864492
:104b84000200f7260000e744000022461800a0f7c0
:104b94001c00a38f1800a48f0400801400f0667c0e
:104ba400f07f043c87ffc410212017022310020069
:104bb400feffc6272400a2af25f0e0022510000066
:104bc40025a0000025b000002000a38ffbff642473
:104bd4002b20c4031c0080102538c0031800a0d764
:104be4003c00a5af3800a6af030334462c00a2afa7
:104bf400c02f400f3000a7af4d00204600080444ea
:104c04003000a78f2c00a28f3800a68f7500801467
:104c14003c00a58f7c00c0522ba01400010042244c
:104c2400020034461800a1d72800a38fffffd62620
:104c3400010820461800a0f770e560d42400a38f73
:104c4400e1ff761402a520461400801621201e02de
:104c5400a600405010004232a300201a010047323f
:104c6400a100e0142e000724000087a021385e0074
:104c74002138070230000924010089a0010084249e
:104c8400feff8754010089a021f05e002710020076
:104c94000100de272130460021201e02000080a0f2
:104ca4000300a1062510000023a81500010002241a
:104cb4002000a38fffffc62401000b24ffff7124f3
:104cc400213811020000e0a00a000a240100072490
:104cd4007400a01621a0c7007200eb102b0003245f
:104ce4002d0006240b18c2002510600021181102a3
:104cf400ffff62a0feff312650000724700002244b
:104d04000a384500212811022a88d1030300201201
:104d14000000a7a06a39400f0000000003004232df
:104d2400020003240c004314feff91262cff201ada
:104d340025200002a038400f252000022a18570021
:104d44006200601025302002300005242e39400f07
:104d5400212017022598000021ff001025200002c1
:104d6400060520460100b52600a034460008864406
:104d74000008e7443c0a2046f9ff0845019d093c28
:104d840060e520d5019d093c68e522d50601204651
:104d9400000886440008e7443c0c34464bff1245a7
:104da40000c0864482a1204632333a4608000e45ac
:104db40002a524460008864402a522460008e744ca
:104dc40042082246000806440008674402a5244617
:104dd400efff0010ffffb5260010804467ff0010ae
:104de4000010e044090080162558c0030700c012d3
:104df4002e000924213807020100de27ffffc62404
:104e04000000e9a0010014242558c00321601e02fb
:104e1400253840000300001030000d24ffffe72474
:104e240001008c25fdffe05400008da121584b00aa
:104e3400ffffc6240100de270a0087282330c200b2
:104e440021f0c20321580b020200e0105700822413
:104e5400300082241100a050000062a120004734d9
:104e64009fffe7241a00e72c0c00e050000062a129
:104e7400252040003c00a5af3800abaf2c00a6af06
:104e8400103a400f3000a0f73c00a58f3800ab8fdc
:104e94002c00a68f3000a0d7000062a160ff001094
:104ea400251000001a00aa02f4014001ffff312678
:104eb40021601102ffffe72410480000300029257b
:104ec400000089a182ff001012a80000211802022c
:104ed400000064802118820221180302feff64a0ee
:104ee40096ff0010ffff4224100042326bff405037
:104ef40021201e022e0002240100de2766ff00107e
:044f0400000082a087
:020000040000fa
:020000041d00dd
:104f080018ffbd27dc00b4afd800b3afd400b2aff0
:104f1800d000b1afe400bfafe000b5afcc00b0af98
:104f2800259080002588c000b800a5af259800000e
:104f3800019d143cb800a58f0000a280e400401039
:104f4800ffff02249c00a2af1800a227a400a2af72
:104f5800800002249800a0afa000a0afa800a2afd4
:104f680025800000250003242110b00000004280a5
:104f78000300401000000000fbff4354010010260e
:104f88000600001225300002ba35400f25204002e5
:104f9800b800a28f21105000b800a2afb800b58f9a
:104fa800250002240000a382c20062140100b52675
:104fb800b800b5af2b0005242d00062430000324cb
:104fc8002000072423000824b800a48f0000828052
:104fd8001b0045509800a28f2c0049281e00201164
:104fe80000000000180047509800a28f1800485091
:104ff8009800a28f2a0003241e0043500000228e2e
:105008004834400f00000000a000a2afb800a38ff2
:1050180000006280d0ff42240a00422c2100401088
:1050280001006324f9ff0010b800a3af0100423467
:10503800010084249800a2afe3ff0010b800a4afd9
:10504800fbff001004004234f9ff0010080042344e
:10505800f7ff001010004234f4ff46509800a28f6a
:10506800e5ff43542a0003249800a28ff0ff0010a4
:105078000200423401008424b800a4af0400432491
:105088000000428c000023ae06004104a000a2af3d
:105098009800a38f23100200a000a2af010063387c
:1050a8009800a3af9800a28f01004330020060105f
:1050b8004408027c9800a2afb800a28f2e000324f7
:1050c800000044800d008314010044249c00a0af1c
:1050d800b800a4af010045802a0003242300a314cc
:1050e80002004224b800a2af0000228e040043242c
:1050f8000000428c000023ae9c00a2af4336400f54
:10510800b800a427c000a2afb800a28f093a400f88
:10511800000044806900032477004310c000a58f75
:105128006a0043282f00601063000324be00431068
:10513800640043281800601025000324cb004310a6
:10514800610003244f00435025302002ffff022452
:10515800b800b5af9800a0afa000a0af9c00a2af68
:105168001000a0afc9000010253800004834400fd7
:10517800000000009c00a2afb800a38f000062806e
:10518800d0ff42240a00422cdcff401001006324b7
:10519800f9ff0010b800a3af6400032456004310c1
:1051a80068004228eaff4010ffff02242530200251
:1051b8002f37400fb000a42797004010b800a28fe7
:1051c800b000a6279800a52701004324b800a3af84
:1051d80000004780e60e400f2520400235000010f1
:1051e80021800202700003246e00431071004328de
:1051f800130060106e000324830043106f00032423
:10520800d3ff4314ffff0224253820022530000075
:105218004c25400fb000a4277f004010b800a28f93
:10522800b000a6279800a5270100422425204002a7
:10523800dc2c400fb800a2af1e0000102180020233
:10524800750003243a0043107800032446004310f5
:1052580073000324bdff4314800002246e00a214cf
:10526800b800a28f2538000001004224b800a2af80
:105278000000228e04004324000023ae76000010b4
:105288000000468c2f37400fb000a4276200401062
:10529800b800a28fb000a6279800a52701004324d4
:1052a800b800a3af000047803912400f2520400204
:1052b80021800202218070022a981302770060126e
:1052c8000080023c4f000324780c43acffff1324fa
:1052d800e400bf8f25106002e000b58fdc00b48fba
:1052e800d800b38fd400b28fd000b18fcc00b08f6c
:1052f8000800e003e800bd27253820020100062445
:105308004c25400fb000a42743004010b800a28fde
:10531800b000a6279800a5270100422425204002b6
:10532800bc27400fb800a2afe2ff001021800202a4
:1053380025382002253000004c25400fb000a42756
:1053480035004010b800a28fb000a6279800a52706
:105358000100422425204002642f400fb800a2af6c
:10536800d4ff0010218002022538200225300000d9
:105378004c25400fb000a42727004010b800a28f8a
:1053880001004324b800a3af00004780b000a6275f
:105398009800a5273c1d400f25204002c5ff00109e
:1053a800218002022538200225300000f000052463
:1053b8004c25400fb000a42717004010b800a28f5a
:1053c800b400a38f01004224b800a2afb000a28f9e
:1053d80025104300edff401478000724a038400f43
:1053e8005cec84269800a38fa000a78f253040008e
:1053f8001000a3af5cec85265f2c400f25204002ef
:10540800acff0010218002022538200221307002f2
:105418008e2d400fb000a427b800a28f01004224af
:10542800a4ff0010b800a2af80000224faffa21463
:10543800b800a28f01000724b000a627010042246b
:10544800b800a2af0000228e040043240000428c62
:10545800000023aeb000a2a39800a527c731400fd3
:105468002520400293ff00102180020280000224c0
:10547800e9ffa214b800a28fa000a78f0100422460
:10548800b800a2af9800a28f1000a2af019d053c02
:1054980001000624d8ff001064eca524a5fe001026
:0454a8002598000241
:020000040000fa
:020000041d00dd
:1054ac00c8ffbd273000b3af2c00b2af2800b1af9e
:1054bc002400b0af3400bfaf259080002580a00041
:1054cc002598c000010011240000058e2510000055
:1054dc000300a010050003241800a28c251800005e
:1054ec001000448e1800a2af2628a4000400042447
:1054fc00130060140b200500060040540000468e7b
:10550c000000028e010031260000428ceeff0010dc
:10551c00000002ae0400478e020085341400b0afc8
:10552c001000b2af09f84000010004240700032466
:10553c000b00431008000324f2ff43500000028ebe
:10554c00020002243400bf8f3000b38f2c00b28fc6
:10555c002800b18f2400b08f0800e0033800bd276d
:10556c00f8ff0010000071ae2400838cf8ffbd27fb
:10557c000080023c0400beaf700c44ac25f0a003cc
:10558c0020009e8c0800600028009d8cb0ffbd2779
:10559c004800b7af4400b6af1000978c0c00968c47
:1055ac004000b5af3c00b4af3400b2af3000b1af87
:1055bc004c00bfaf3800b3af2c00b0af25888000d3
:1055cc002590a00025a8c000010014240000428ee4
:1055dc0019004010259800001800538c25800000fd
:1055ec000a0005240000268e0400278e2000b3af8d
:1055fc001800b7af1400b2af1000b1af09f8c00279
:10560c00010004241b004014050002241a0002525d
:10561c000000b4ae0b0060560000268e0000428ed7
:10562c000080033c010094260000428c700c62ac9c
:10563c00e6ff0010000042ae05001024e9ff001048
:10564c001a0005240400278e1400b2af1000b1af6d
:10565c000a00052409f8600201000424258040009a
:10566c00070002241000021208000224ecff025270
:10567c000000428e020010244c00bf8f2510000247
:10568c004800b78f4400b68f4000b58f3c00b48ff4
:10569c003800b38f3400b28f3000b18f2c00b08f34
:1056ac000800e0035000bd27f3ff00100000b4ae6b
:1056bc000080023c700c438c700c44ac0800e0037e
:1056cc00000083ac0000838c0080023c0800e003e7
:1056dc00700c43ac0000828c0200a52480280500cd
:1056ec00211045000800e0030000428c0000838c70
:1056fc0002006010251000002800628c0800e003f6
:10570c00000000000000828c0200a5248028050007
:10571c00211045000800e003000046ac0000828c1c
:10572c000400428c0800e003010042240000838c3a
:10573c000000a0ac03006010251000000400628c77
:10574c00010042240800e003000000000000828ced
:10575c00ffffa5240800e003040045ac0000828c88
:10576c000800e0031c00428c0800e0032510000038
:10577c000800e003251000000800e00325100000dd
:10578c000800e003251000000080023c700c428ce5
:10579c00c8ffbd273000b1af2c00b0af3400bfaf95
:1057ac00258080002000a2af1c00a2af1c00b127f6
:1057bc001c00a28f14004050050002241800428cdb
:1057cc00050040141800a2af1c00a28f0000428cf0
:1057dc00f7ff00101c00a2af0000068e0400078e1d
:1057ec001400b1af1000b0af0100052409f840005f
:1057fc0001000424060003240800431008000324bd
:10580c00f1ff4310030002243400bf8f3000b18f2e
:10581c002c00b08f0800e0033800bd271c00a28fbd
:10582c000c0000ae1800a627100002ae2000a28fbc
:10583c0025282002252000022b15400f1c00a2afaa
:10584c0007000324f1ff43143400bf8f5d15400f94
:10585c001c00a48f0080033c700c638cd8ffbd2708
:10586c002400bfaf0c0085ac100086ac1400a5273b
:10587c001000a6271800a3af6615400f1400a3afa5
:10588c0007000324030043142400bf8f5d15400f51
:10589c001400a48f0800e0032800bd270080023c00
:1058ac00700c428cd8ffbd272400bfaf1800a2afec
:1058bc001400a2af0c00828c1000a6270500401427
:1058cc001400a5272b15400f000000005d15400f9c
:1058dc001400a48f6615400f00000000fbff0010a1
:1058ec00000000000c00828cd8ffbd27060040147d
:1058fc002400bfafe515400f000000002400bf8f4f
:10590c000800e0032800bd270080023c700c428c8c
:10591c001000a6271400a5271800a2af6615400f8b
:10592c001400a2af5d15400f1400a48f0800828ce8
:10593c000800401025288000e8ffbd271400bfafe9
:10594c0009f84000010004241400bf8f0800e00394
:10595c001800bd270800e003000000000080023c96
:10596c00700c428cd8ffbd272000b2af1c00b1af29
:10597c002400bfaf1800b0af258880002590a00090
:10598c001400a2af1400a38f2510000003006010b8
:10599c00050010241800628c258000002528400288
:1059ac001400a42709f820021000a2af090040102f
:1059bc0005000224030010242400bf8f25100002d0
:1059cc002000b28f1c00b18f1800b08f0800e003cc
:1059dc002800bd27f8ff02121400a28fe8ff001068
:0459ec000000428ce9
:020000040000fa
:020000041d00dd
:1059f000100c008020000000000000003400008037
:105a00000400000001000000000000007800008099
:105a10000800000000000000e00100a0800100007c
:105a20000000000080000080100000000000000066
:105a3000300c0080180000000000000060030080af
:105a4000000500000000000090000080040000003d
:105a500000000000580c00800c0000000000000056
:105a6000bc0b0080300000000000000094000080ab
:105a700010000000000000007c0a008040010000cf
:105a8000000000006008008020010000000000000d
:105a9000a4000080010000000000000080090080d8
:105aa000fc00000000000000040000800c0000006a
:105ab00001000000ffff01020000ffff01020000e3
:105ac000a80000802c0100000000000038000080c9
:105ad000400000000100000000007a4400009643ee
:105ae000e63a8a420000fac4e6b7953b8fc2753c9d
:105af000295c0f3d0ad7a33ccdcccc3ccba1453e85
:105b0000000030410000be43000040400008000893
:105b1000510a253d00007041100000801400000073
:105b200001000000ffff0100ff800d0102000101e4
:105b300000000000000000002400008010000000b1
:105b400001000000ff800d010400010100010000c0
:105b500000000000640c008008000000000000004d
:105b6000480c00801000000000000000d4010080fc
:105b700008000000010000007ceb009d90e9009d02
:105b80006c0c00800400000000000000400581bf94
:105b90007000000001000000480200004802000000
:105ba0004802000048020000000200004802000015
:105bb00048020000480200004802000008020000fd
:105bc00048020000480200004802000048020000ad
:105bd000480200004802000048020000480200009d
:105be000480200004802000048020000480200008d
:105bf000480200004802000048020000480200007d
:105c00004802000048020000b80581bf10000000f3
:105c100001000000480200004802000048020000a5
:105c200048020000cc0581bf4000000001000000d8
:105c30004802000048020000480200001002000074
:105c40001802000020020000480200004802000084
:105c5000480200004802000048020000480200001c
:105c6000280200004802000048020000480200002c
:105c7000140681bf2400000001000000480200005b
:105c800048020000480200004802000048020000ec
:105c900048020000480200004802000048020000dc
:105ca0005c0681bf580000000100000048020000af
:105cb00048020000480200004802000048020000bc
:105cc00048020000480200004802000048020000ac
:105cd000480200004802000048020000480200009c
:105ce000480200004802000048020000480200008c
:105cf000480200004802000048020000480200007c
:105d000048020000b80681bf8000000001000000ca
:105d10003002000048020000480200004802000073
:105d2000480200004802000048020000480200004b
:105d3000480200004802000048020000480200003b
:105d4000480200004802000048020000480200002b
:105d5000480200004802000048020000480200001b
:105d6000480200004802000048020000480200000b
:105d700048020000480200004802000048020000fb
:105d800048020000480200004802000048020000eb
:105d9000480781bf10000000010000004802000019
:105da000480200004802000048020000880781bf46
:105db0000800000001000000480200004802000046
:105dc000a00781bf2c000000010000004802000075
:105dd000480200004802000048020000480200009b
:105de000480200004802000048020000480200008b
:105df0004802000048020000dc0781bf04000000e8
:105e00000100000038020000e40781bf2800000004
:105e100001000000480200004802000048020000a3
:105e20004802000048020000480200004002000052
:105e3000480200004802000048020000180881bf24
:105e400010000000010000004802000048020000ad
:105e50004802000048020000340881bf040000002e
:105e60000100000048020000d80881bf04000000c3
:105e70000100000048020000f80881bf0c0000008b
:105e80000100000048020000480200004802000033
:105e9000140981bf0c00000001000000480200004e
:105ea0004802000048020000240981bf10000000e1
:105eb0000100000048020000480200004802000003
:105ec00048020000380981bf0800000001000000fe
:105ed0004802000048020000700c0080080000002a
:105ee00000000000dc010080040000000100000050
:105ef00001000000ec0b0080240000000000000006
:105f0000780c008004000000000000000000008009
:105f1000040000000100000000000000000000007c
:105f20006666666666666666666666666666666611
:020000040000fa
:020000041d00dd
:105f3000c8ffbd273400bfaf3000b0af2580800060
:105f40000500062425288000019d043c1d37400fd4
:105f500064b4842422004014019d023c6cb44224a9
:105f60000080033c60086324300044240000488c17
:105f70000400478c0800468c0c00458c000068ac7f
:105f8000040067ac080066ac0c0065ac100042244d
:105f9000f6ff4414100063240000428c000062ac41
:105fa0000080103ca038400f6008042625284000df
:105fb0000000400f60080426800006242528000009
:105fc0000080043c2e39400f600884240100022424
:105fd0003400bf8f3000b08f0800e0033800bd27c9
:105fe0000a00062425280002019d043c1d37400fad
:105ff000a0b4842415004014019d023c0080103c94
:10600000acb4458cacb442240400448c0800438cee
:10601000600805ae60081026040004ae080003ae58
:106020000c0042900c0002a2a038400f2520000274
:10603000252840000000400f25200002d33a400fe1
:1060400000000000ddff0010800006240a00062486
:1060500025280002019d043c1d37400fbcb4842458
:1060600015004014019d023c0080103cc8b4458cd2
:10607000c8b442240400448c0800438c600805ae78
:1060800060081026040004ae080003ae0c00429025
:106090000c0002a2a038400f252000022528400055
:1060a0000000400f25200002ff3a400f02000424a8
:1060b000c2ff0010800006240700062425280002e5
:1060c000019d043c1d37400fd8b4842417004014b0
:1060d000019d023c0080103ce0b4468ce0b44224b8
:1060e0000400458c0800448c0c00438c600806ae0c
:1060f00060081026040005ae080004ae0c0003aed4
:1061000010004294100002a6a038400f2520000283
:10611000252840000000400f25200002ff3a400fd4
:1061200004000424a5ff00108000062404000624b7
:1061300025280002019d043c1d37400ff4b484243f
:1061400017004014019d023c0080103cfcb4458cbb
:10615000fcb442240400448c0800438c600805ae63
:1061600060081026040004ae080003ae0c0043943f
:106170000c0003a60e0042900e0002a2a038400fb1
:1061800025200002252840000000400f25200002a5
:10619000ff3a400f0800042488ff00108000062406
:1061a0000a00062425280002019d043c1d37400feb
:1061b0000cb5842423004054090006241000a0af2d
:1061c0001400a0af1800a0af1c00a0af2000a0af2b
:1061d0002400a0af2800a0af2c00a0afa038400f33
:1061e00025200002f6ff46240a000526b838400f95
:1061f0001000a427fb39400f1000a427023b400fda
:1062000020032046fb39400f1000a427000006445d
:1062100000006744019d053c18b5a5240080103c92
:106220004239400f60080426a038400f6008042659
:10623000252840000000400f600804265fff001082
:106240008000062425280002019d043c1d37400fd4
:1062500028b5842423004054253000021000a0af4c
:106260001400a0af1800a0af1c00a0af2000a0af8a
:106270002400a0af2800a0af2c00a0afa038400f92
:1062800025200002f7ff462409000526b838400ff4
:106290001000a427fb39400f1000a427053b400f36
:1062a00020032046fb39400f1000a42700000644bd
:1062b00000006744019d053c34b5a5240080103cd6
:1062c0004239400f60080426a038400f60080426b9
:1062d000252840000000400f6008042637ff00100a
:1062e00080000624019d053c40b5a5240080103c9b
:1062f0004239400f60080426a038400f6008042689
:10630000252840000000400f600804262bff0010e5
:0463100080000624df
:020000040000fa
:020000041d00dd
:106314002540c0002518e000255080009800e014b6
:106324002510a0002b30a6003500c010000000008e
:10633400202805710600a0102320050006208a00ed
:106344000410a2000440a800251082000450aa00f2
:10635400023408001b004600f401c000ffff0531b1
:1063640002240a0012380000101000000014020079
:10637400252044000248a7702b5889000a006011a8
:106384002510e000212088002b58880006006015a5
:10639400ffffe2242b588900040060512320890068
:1063a400feffe22421208800232089001b008600b0
:1063b400f401c00010300000003406001220000078
:1063c4000238a470ffff45312528c5002b48a700db
:1063d4000800201125308000212805012b40a80049
:1063e40004000015ffff86242b28a7000100a054f9
:1063f400feff8624001402000800e0032510460076
:1064040004000015010002241b004800f4010001ef
:106414001240000020580b7123006015200007244f
:106424002328a80001000324023408001b00a6004e
:10643400f401c000ffff073102240a001228000003
:106444001010000000140200252044000248e570ea
:106454002b5889000a0060112510a0002120880013
:106464002b58880006006015ffffa2242b588900d2
:106474000400605123208900feffa224212088000b
:10648400232089001b008600f401c000ffff4a316d
:1064940010280000002c05002528aa001220000066
:1064a400caff00100238e4702338eb00044068018e
:1064b4000648e400023408000638e5001b00e60044
:1064c400f401c0000410650125482201ffff0231d8
:1064d400021c09001228000010380000003c0700cc
:1064e4002538e300025045702b60ea000a00801151
:1064f4002518a0002138e8002b60e800060080156c
:10650400ffffa3242b60ea00040080512338ea0033
:10651400feffa3242138e8002338ea001b00e6002c
:10652400f401c000ffff25311230000010380000d4
:10653400003c07002528e500021046702b48a20005
:106544000a0020112538c0002128a8002b48a800e3
:1065540006002015ffffc7242b48a2000400205189
:10656400001c0300feffc7242128a800001c030010
:10657400045064012328a200abff00102518670013
:106584002b40a700251800004e0000152510000020
:106594002050ea7007004015200009242b28e5004c
:1065a4004800a014010002242b1086000800e00318
:1065b4000100423823482a01061026010438470105
:1065c4002538470004184501024407000628250120
:1065d4001b00a800f4010001ffffeb3006102401aa
:1065e40025104300021c020012280000104800007d
:1065f400004c090025482301026065712b682c01b9
:106604000a00a0112518a000214827012b682701a2
:106614000600a015ffffa3242b682c010400a05141
:1066240023482c01feffa3242148270123482c01e1
:106634001b002801f4010001ffff45301240000057
:1066440010480000004c09002528250102586871f3
:106654002b10ab000a004010254800012128a70098
:106664002b10a70006004014ffff09252b10ab00d8
:106674000400401000140300feff09252128a70090
:106684000014030004304601251049001900c2001b
:106694002328ab00103800002b18a7000700601453
:1066a400123000000700a71425180000042044013c
:1066b4002b2086000300801000000000ffff42240e
:1066c400251800000800e003000000002548c00071
:1066d400251080008b00e0142518a0002b30a600a4
:1066e4003300c01020502a7108004011025c0900d8
:1066f4000418450123280a000628a4000448490177
:106704002518a30004104401025c09001b006b005f
:10671400f4016001ffff243112180000102800006a
:1067240002306470001c0500022c0200251865006c
:106734002b2866000800a050231866002118690061
:106744002b2869000300a0142b2866000100a05424
:1067540021186900231866001b006b00f401600116
:10676400ffff42301030000012180000025864701d
:10677400001c0600251062002b184b000900605015
:1067840023104b00211049002b18490005006054c8
:1067940023104b002b184b000100605421104900ba
:1067a40023104b00061042010800e00325180000e6
:1067b40004002015010003241b006900f4012001da
:1067c4001248000020502a711f00401520000724a1
:1067d4002328a900025c09001b00ab00f40160013e
:1067e400ffff243112280000101800000230a470aa
:1067f400002c0300021c02002528a3002b18a6006d
:10680400080060502330a6002128a9002b18a900f5
:10681400030060142b18a600010060542128a9006d
:106824002330a6001b00cb00f4016001ffff4230bf
:1068340010280000123000000258c4700034050013
:10684400cdff00102510c2002338ea000448490196
:106854000618e400023409000638e5001b00e600cf
:10686400f401c00004104501ffff2831251862001f
:10687400022c030012380000106000000210e870bf
:10688400003c0c002538e5002b28e2000800a0504d
:106894002338e2002138e9002b28e9000300a01482
:1068a4002b28e2000100a0542138e9002338e2003b
:1068b4001b00e600f401c000ffff65301230000049
:1068c40010380000003c07002528e5000230c8709d
:1068d4002b10a60009004010041044012128a9002f
:1068e4002b10a90005004014041044012b10a6002d
:1068f400010040542128a90004104401b5ff0010f0
:106904002328a6002b40a7005c0000152070ee7021
:106914000a00c0152b40e500030000152b4086003b
:106924005600001500000000231086002328a7004d
:106934002b1882000800e0032318a30020000b2476
:1069440023586e01066066010438c70125388701a3
:106954000440c501024c0700062865011b00a9007c
:10696400f40120010610640125104800ffffe830ff
:1069740002640200122800001050000000540a00b3
:1069840025504c01021805712b6043010a00801147
:106994002568a000215047012b604701060080159f
:1069a400ffffad242b6043010400805123504301b9
:1069b400feffad2421504701235043011b00490130
:1069c400f4012001124800001050000000540a0095
:1069d40002280971ffff4830254048012b100501aa
:1069e4000a00401025502001214007012b10070107
:1069f40006004014ffff2a252b1005010400401057
:106a040000640d00feff2a252140070100640d00eb
:106a14000410c60125608a01190082012340050182
:106a24000418c401106800002b200d012528a001c2
:106a340012600000050080141230000007000d15dc
:106a44002b206c0006008010233066002330820166
:106a54002338a7012b6086012328ec00233066002d
:106a64002b18660023400501231803010410630159
:106a74000630c601251046000618c3010800e003cd
:046a8400000000000e
:020000040000fa
:020000041d00dd
:106a8800e8ffbd271400bfaf88bf023c6000468cfa
:106a98007f00c6300300c22c900040104040060022
:106aa8002140060100410800d0ff082588bf073ca7
:106ab8007001e7242138e8000000e98cffffc224b8
:106ac80080180200508084270a20837c01008430cb
:106ad800930080140026297d2518000080280200d4
:106ae800508084272128850001000b24010063249d
:106af800ff0063302b2023010e00801488bf043c64
:106b08000000a48c04506b0024208a00f8ff445530
:106b18000100632480480200508085272128a900ad
:106b28000000a98c27200400242089000000a4acc0
:106b380088bf043c900184240a20887c00a0053c7e
:106b4800252085000400858c1000a5307600a01053
:106b58008028030000008b8c2128a30080280500d2
:106b68008050020021504201c0510a002128aa0089
:106b78000080093c600329250a28257d804c0b00ec
:106b8800fc1f0a3c24482a01c08a6b7d25482b013a
:106b98000000a9ac0400858ca000a53020000924c1
:106ba8006e00a914802803002128a300802805006e
:106bb8008048020021482201c04909002128a90073
:106bc8000080093c600329252128a9001000a58c14
:106bd800010009240000a9ac2558600080280300a2
:106be8002118a300801803008048020021482201d0
:106bf800c0490900211869000080093c6003292563
:106c0800211869000800658c0400898c0f0029315f
:106c1800019d0a3c1ceb4a2521482a0100002991c4
:106c28000000a9a00c00658c0800638c000063902c
:106c3800190060100080033c2548000080280b00e4
:106c48002128ab0080280500805002002150420115
:106c5800c0510a002128aa00600363242118650096
:106c68000400658c2150890008004a910000aaa000
:106c78000400658c0100a524040065ac01002925e9
:106c8800ff0029310800658c0000a5902b282501fc
:106c9800f3ffa014000000000000e38c000163343f
:106ca8000000e3ac88bf033c800163240a40687c91
:106cb8000100083105000011801002005080832770
:106cc8000a10627c04004014000000000000e28cfe
:106cd8000400027c0000e2ac608080af81bf023c0f
:106ce80080000324940043acc01006000080033cdd
:106cf800300c63240a10627c06004010c030060085
:106d0800213066000400c48c0000c28c09f84000e1
:106d1800000000001400bf8f0800e0031800bd2722
:106d28007cff0010251800002128a30080280500fa
:106d38008048020021482201c04909002128a900f1
:106d48000080093c600329250a28257d0000898cdc
:106d5800ff0729318fff00100000a9ac2128a300ec
:106d6800802805008048020021482201c049090006
:106d78002128a9000080093c600329252128a900b1
:0c6d88001000a58c94ff00100000a0accf
:020000040000fa
:020000041d00dd
:106d94003c00828c4c00838cd0ffbd271400b1af23
:106da4002b1843001000b0af2c00bfaf2800b6afc3
:106db4002400b5af2000b4af1c00b3af1800b2afcd
:106dc40025808000330060102588a0000100432442
:106dd4003c0083ac00005290d5ff42264408027c5c
:106de4001600401425a000003c00028e4c00038ec7
:106df4002d00523a2b1843002a0060100100542e33
:106e0400010043243c0003ae00005290d0ff422610
:106e14000a00422c0a004014d0ff42260900201226
:106e24000a00422c4c00028e05004010d0ff42267e
:106e34003c00028effff42243c0002aed0ff4226fb
:106e44000a00422c1b004014259800004c00028ebe
:106e5400040040100080153c3c00028effff4224d9
:106e64003c0002ae2c00bf8f251060022518a00242
:106e74002800b68f2400b58f2000b48f1c00b38f78
:106e84001800b28f1400b18f1000b08f0800e00317
:106e94003000bd27932f400f00000000ceff0010ec
:106ea40025904000932f400f25200002d7ff0010ab
:106eb40025904000cc0c153cccccb5363c00028e61
:106ec4004c00038e2b1843001d0060100100432466
:106ed4003c0003ae000051900a00022402186272c2
:106ee400d0ff22260a00422c219872000400401090
:106ef400d0ff73262a107502f0ff4014259020025b
:106f04004701163cc3af130015aed636d0ff222678
:106f14000a00422c120040142a10b6024c00028ec1
:106f2400400040543c00028eceff8012238815009e
:106f3400239813002b101300caff001023a8220269
:106f4400932f400f25200002e3ff00102588400006
:106f5400932f400f25200002120000100a00032482
:106f640026004010ffffc2260500a216e17a023c6b
:106f7400ae4742242b10620221004050d0ff31263c
:106f84003c00028e4c00038e2b184300f0ff60106f
:106f940000000000010043243c0003ae00004290c6
:106fa4000a000324190073001290000010980000d6
:106fb4000220757021989300c32711002188510283
:106fc4002b1832022120640221186400d0ff3326da
:106fd4002b887102ffff632421a82302cbff00103a
:106fe400258840004c00038e2b18430009006010d4
:106ff400010043243c0003ae00005190d0ff312631
:107004000a00312ef7ff20563c00028ec4ff001008
:107014004c00028e932f400f25200002f7ff001032
:1070240025884000ffff4224bfff00103c0002ae51
:020000040000fa
:020000041d00dd
:10703400d0ffbd273800aef71c00b3af1800b2afc5
:107044003c00b38f3800b28f2c00bfaf4010130048
:10705400c21f120025106200402812002518a20049
:107064002800b6af2400b5af2000b4af1400b1af10
:107074001000b0af0f0060103000acf7f07f043c9c
:1070840000f0667e010083242b18c3000a00601000
:107094003000a0d70300c4143400b48f0700401696
:1070a4003800a1d7ff0703240055957e1100a316cd
:1070b4003000a48f3000a0d73800a1d702002146a9
:1070c400030020463000a0f72c00bf8f3000a0d76b
:1070d4002800b68f2400b58f2000b48f1c00b38f16
:1070e4001800b28f1400b18f1000b08f0800e003b5
:1070f4003000bd27c2370400401814002518c3000f
:107104002b3843000e00e0144030040003006214e6
:107114002b38a6000a00e01400000000ebffa614c0
:107124002c00bf8feaff43543000a0d700008044f6
:107134003000a1d70000e044e2ff0010020820461e
:107144003a00a01602150400001b14002518430081
:10715400001304002f006104010006242330d5002d
:107164000338400f252880022580400025886000d0
:107174000055767e3800c016021d1200001313005d
:1071840025106200002312002d0041040100062492
:1071940025204002252860020338400f2330d60002
:1071a4002598600025904000231812022b2003022a
:1071b40023103302231044002a20d5022a0080140d
:1071c400000000000400400425206200d7ff801066
:1071d4002580600025884000021511002d004050d4
:1071e400c21710003000a05a01000624f0ff033c2f
:1071f40021882302001d150025187100252880020e
:1072040004f0057c2538a3003000b0afaeff0010b9
:107214003400a7afc237020040280300ffffb526a1
:107224002518c500cbff0010401002000098837e93
:107234001000113c25808000cdff0010258823021a
:10724400c22f040040180200ffffd6262510a30019
:10725400cdff0010402004000098737e1000033c12
:10726400d1ff00102598730004004004252062001b
:10727400aeff80102580600025884000c2171000f2
:10728400408811002588510040801000c6ff00107e
:10729400ffffb5264088110025885100408010006a
:1072a400cdff0010ffffb526252000022330d500b6
:1072b400f437400f25282002d0ff0010258040001d
:020000040000fa
:020000041d00dd
:1072c400e8ffbd271c00aee71c00a28f807f073caf
:1072d4000100e62400f0437c2b2066001400bfafbd
:1072e4001000b0af060080101800ace71800a58f9e
:1072f40000f0a47c2b3086000600c014803f063cbe
:107304001800a0c71c00a1c700000146110000100e
:107314001800a0e70500461482870200bc1d400f38
:10732400000000000b0000101800a0e7020010325b
:10733400c22f05000c0080142580050202000224df
:1073440062000212019d023c030002246100021249
:10735400019d023c1400bf8f1800a0c71000b08f1d
:107364000800e0031800bd270700601400000000b7
:10737400010010325b000052019d023c019d023c61
:10738400e2ff0010a0e340c424006714000d053c94
:1073940018008314020002240a000212019d023c18
:1073a400030002240f000212019d023c010002248a
:1073b40044000252019d023c019d023cd3ff001097
:1073c400a4e340c490e340c4019d023cace341c447
:1073d40002000146019d023cb0e341c4cbff001012
:1073e4000200014690e340c4019d023cf8ff0010f6
:1073f400b4e341c435000212019d023c030002249f
:1074040034000212019d023c0100022433000212e6
:10741400019d023ccfff00101800a0af21106500b1
:107424002b104400d3ff405401001032d0ff8710ca
:107434000200023204004010212085002b18830032
:10744400080060541800a0af1c00a1c71800a0c712
:10745400f33a400f03030146bc1d400f06030046e8
:107464001800a0e7010002240c0002121800a38fe8
:10747400b8ff0012019d023c020004240b00041218
:10748400019d033c1800a1c7b8e360c4000800468e
:1074940090e341c49dff0010010001460080023cbe
:1074a40026104300abff00101800a2af1800a1c7bc
:1074b400b8e360c40008004690e341c493ff0010a1
:1074c4000108004691ff0010a8e340c48fff00109c
:1074d40090e340c48dff001094e340c48bff001080
:0c74e4009ce340c489ff001098e340c402
:020000040000fa
:020000041d00dd
:1074f0000400a88cb0ffbd274400b7af3800b4af7c
:107500002c00b1af4c00bfaf4800beaf4000b6afdb
:107510003c00b5af3400b3af3000b2af2800b0af1d
:1075200025b880002588a0004c0000050000b48c20
:107530004408147c08003e8e10008a320000d28c71
:107540000400d68c0400401125a8c0032510560263
:1075500001004054feffd527080089320100205564
:10756000ffffb5261000308e0c00338e2528a002b8
:10757000ffff102621107002000040a00200022a26
:107580000b00401425105602360040140f00433201
:1075900023101501211045003300401c0a00642807
:1075a0000300a018020082322f00401400000000e7
:1075b0000b004011000000000000c28c0400c38cce
:1075c000251043000600401021107002feff102617
:1075d000ffff47a03000032421107002000043a0e9
:1075e0000400201120000324ffff10262110700248
:1075f000000043a01000268e1000b4af2538c00351
:10760000ffffc6242330d000212870025f2c400fda
:107610002520e0020400e38e0001633004006010c6
:107620004c00bf8f0400238e2a2043000b106400ff
:107630004800be8f4400b78f4000b68f3c00b58f26
:107640003800b48f3400b38f3000b28f2c00b18f6c
:107650002800b08f0800e0035000bd27b5ff0010e0
:10766000010008240a0064280200801057006224e8
:1076700030006224bfffe3241a00632c1300601063
:10768000200043349fff63241a00632c10006050d5
:10769000ffff1026252040005c00a7af5800a6afd2
:1076a0002400a8af2000a5af1c00a9af103a400fde
:1076b0001800aaaf5c00a78f5800a68f2400a88fdf
:1076c0002000a58f1c00a98f1800aa8fffff10268d
:1076d00021187002000062a002911200001716002b
:1076e000ffffa52425905200a4ff001002b1160050
:020000040000fa
:020000041d00dd
:1076f000d8ffbd272800ace72800a28f1c00b0af40
:10770000804c033c00f0507c2b1803022000b1afea
:107710002400bfaf11006014c28f0200807f023cc2
:10772000010042242b80020218000012019d023c3d
:10773000bce341c4019d023cc0e340c400080046d4
:10774000120020122800a0e72800a38f0080023c2e
:10775000261043000d0000102800a2afe03e033cbd
:107760002b1803020f0060108039033c2b800302aa
:1077700051000012807f033c24104300030040149a
:107780002800a0c7020000461000a0e72400bf8f19
:107790002800a0c72000b18f1c00b08f0800e003b4
:1077a0002800bd27f33a400f00000000983f023c3c
:1077b0002b1002022d004010303f023c2b800202b1
:1077c00023000012019d023c40000046c4e342c475
:1077d000019d023c41080246c8e342c42510000056
:1077e00000000246030800462800a0e72800a0c7c2
:1077f000019d033cc2000046d4e360c4019d033cec
:10780000d8e361c4019d033c821803462010204c3c
:10781000dce361c4019d033c2000224ce0e361c431
:10782000019d033ce4e364c4ffff03246810814c22
:10783000420802462000234c2800a1c72000431420
:107840000200014601080046d0ff00102800a0e712
:10785000c4e341c401000224810001460000014646
:1078600003100046e1ff00102800a0e71c40023c86
:107870002b8002020b000052019d023c019d023c44
:10788000cce341c4019d023cc4e343c481000146f2
:10789000020002242000614c03100046d3ff0010b8
:1078a0002800a0e7d0e341c40300022403080046f7
:1078b000ceff00102800a0e7ccff0010ffff02243d
:1078c000019d043c8010020080e684244000444c6a
:1078d000019d033c90e66324010001462800a1c7f6
:1078e000010001464000434c95ff0010010800468e
:020000040000fa
:020000041d00dd
:1078f000e0ffbd272000ace72000a38f493f043cf8
:10790000db0f842400f0627c2b2044001a008010de
:107910001c00bfaf8039043c2b1044001000401005
:10792000807f023c2418620008006014019d023c24
:10793000b8ec40c4026000461000a0e71c00bf8ff6
:107940002000a0c70800e0032000bd27019d023ce5
:10795000bcec40c42000a1c7f7ff0010000800469f
:107960002000a0c7210300464137400f000000005f
:10797000f2ff00102000a0e77b40043cd253842497
:107980002b20440024008010c21f03002000a0c749
:107990001640043ce4cb84342b104400110040100a
:1079a00021000046019d023c09006010e0e64cd435
:1079b00000032c46d436400f0000000000000244b3
:1079c0000080033c26106200dcff00102000a2af04
:1079d00001032c46d436400f00000000d7ff0010f2
:1079e0002000a0e7019d023c09006010e8e642d4b7
:1079f0000000224600000644000067440080023c6c
:107a00000060864426284700d7ff00100060e54448
:107a1000f8ff001001002246e240043cd6318424e5
:107a20002b204400140080102000a0c7af40043c6d
:107a3000e0ed84342b104400080040102103004680
:107a4000019d023c03006010f0e640d4e1ff00100d
:107a500000632046d7ff001001632046019d023cd1
:107a600003006010f8e640d4bfff0010006320461a
:107a7000bdff001001632046807f033c2b104300b4
:107a80000300401400000000d4ff00100100004675
:107a90001b2c400f1000a5270300423001000324d7
:107aa0000700431002000324070043501000a28f78
:107ab000c0ff40141000acd7abff00100000000066
:107ac000c4ff00101000acd71400a58f0080043c48
:107ad000006082442618a400a3ff00100060e34465
:020000040000fa
:020000041d00dd
:107ae00000e85d4100701a4000601b40e8febd27c1
:107af0001401baaf02601a401001bbaf0c01baaf5b
:107b000044781b7c00047b3700609b40d800bff7a3
:107b1000d000bdf7c800bbf7c000b9f7b800b7f791
:107b2000b000b5f7a800b3f7a000b2f79800b1f71e
:107b30009000b0f78800aff78000aef77800adf79f
:107b40007000acf76800abf76000aaf75800a9f71f
:107b50005000a8f74800a7f74000a6f73800a5f79f
:107b60003000a4f72800a3f72000a2f71800a1f71f
:107b70001000a0f7121000000401a2af10180000be
:107b80000001a3af12102000fc00a2af10182000cb
:107b9000f800a3af12104000f400a2af101840008c
:107ba000f000a3af12106000ec00a2af101860004c
:107bb000e800a3afb81c3f7c0801a3af00f8424423
:107bc000e400a2af0b37400f00000000e400a28fda
:107bd00000f8c2440801a38ff8fc617c0401a28f65
:107be000130040000001a38f11006000fc00a58f6e
:107bf0001308a000f800a58f1108a000f400a58fbd
:107c00001310a000f000a58f1110a000ec00a58fac
:107c10001318a000e800a58f1118a000d800bfd746
:107c2000d000bdd7c800bbd7c000b9d7b800b7d700
:107c3000b000b5d7a800b3d7a000b2d79800b1d78d
:107c40009000b0d78800afd78000aed77800add70e
:107c50007000acd76800abd76000aad75800a9d78e
:107c60005000a8d74800a7d74000a6d73800a5d70e
:107c70003000a4d72800a3d72000a2d71800a1d78e
:107c80001000a0d700606041c00000000c01bb8f55
:107c90001401ba8f02609b401001bb8f00709a40a4
:107ca0001801bd2700e8dd4100609b40180000423c
:020000040000fa
:020000041d00dd
:107cb00000e85d4100701a4000601b40e8febd27ef
:107cc0001401baaf02601a401001bbaf0c01baaf89
:107cd00044781b7c00047b3700609b40d800bff7d2
:107ce000d000bdf7c800bbf7c000b9f7b800b7f7c0
:107cf000b000b5f7a800b3f7a000b2f79800b1f74d
:107d00009000b0f78800aff78000aef77800adf7cd
:107d10007000acf76800abf76000aaf75800a9f74d
:107d20005000a8f74800a7f74000a6f73800a5f7cd
:107d30003000a4f72800a3f72000a2f71800a1f74d
:107d40001000a0f7121000000401a2af10180000ec
:107d50000001a3af12102000fc00a2af10182000f9
:107d6000f800a3af12104000f400a2af10184000ba
:107d7000f000a3af12106000ec00a2af101860007a
:107d8000e800a3afb81c3f7c0801a3af00f8424451
:107d9000e400a2aff936400f00000000e400a28f1b
:107da00000f8c2440801a38ff8fc617c0401a28f93
:107db000130040000001a38f11006000fc00a58f9c
:107dc0001308a000f800a58f1108a000f400a58feb
:107dd0001310a000f000a58f1110a000ec00a58fdb
:107de0001318a000e800a58f1118a000d800bfd775
:107df000d000bdd7c800bbd7c000b9d7b800b7d72f
:107e0000b000b5d7a800b3d7a000b2d79800b1d7bb
:107e10009000b0d78800afd78000aed77800add73c
:107e20007000acd76800abd76000aad75800a9d7bc
:107e30005000a8d74800a7d74000a6d73800a5d73c
:107e40003000a4d72800a3d72000a2d71800a1d7bc
:107e50001000a0d700606041c00000000c01bb8f83
:107e60001401ba8f02609b401001bb8f00709a40d2
:107e70001801bd2700e8dd4100609b40180000426a
:020000040000fa
:020000041d00dd
:107e800000e85d4100701a4000601b40e8febd271d
:107e90001401baaf02601a401001bbaf0c01baafb7
:107ea00044781b7c00147b3700609b40d800bff7f0
:107eb000d000bdf7c800bbf7c000b9f7b800b7f7ee
:107ec000b000b5f7a800b3f7a000b2f79800b1f77b
:107ed0009000b0f78800aff78000aef77800adf7fc
:107ee0007000acf76800abf76000aaf75800a9f77c
:107ef0005000a8f74800a7f74000a6f73800a5f7fc
:107f00003000a4f72800a3f72000a2f71800a1f77b
:107f10001000a0f7121000000401a2af101800001a
:107f20000001a3af12102000fc00a2af1018200027
:107f3000f800a3af12104000f400a2af10184000e8
:107f4000f000a3af12106000ec00a2af10186000a8
:107f5000e800a3afb81c3f7c0801a3af00f842447f
:107f6000e400a2afd02e400f00000000e400a28f7a
:107f700000f8c2440801a38ff8fc617c0401a28fc1
:107f8000130040000001a38f11006000fc00a58fca
:107f90001308a000f800a58f1108a000f400a58f19
:107fa0001310a000f000a58f1110a000ec00a58f09
:107fb0001318a000e800a58f1118a000d800bfd7a3
:107fc000d000bdd7c800bbd7c000b9d7b800b7d75d
:107fd000b000b5d7a800b3d7a000b2d79800b1d7ea
:107fe0009000b0d78800afd78000aed77800add76b
:107ff0007000acd76800abd76000aad75800a9d7eb
:108000005000a8d74800a7d74000a6d73800a5d76a
:108010003000a4d72800a3d72000a2d71800a1d7ea
:108020001000a0d700606041c00000000c01bb8fb1
:108030001401ba8f02609b401001bb8f00709a4000
:108040001801bd2700e8dd4100609b401800004298
:020000040000fa
:020000041d00dd
:1080500000e85d4100701a4000601b40e8febd274b
:108060001401baaf02601a401001bbaf0c01baafe5
:1080700044781b7c00147b3700609b40d800bff71e
:10808000d000bdf7c800bbf7c000b9f7b800b7f71c
:10809000b000b5f7a800b3f7a000b2f79800b1f7a9
:1080a0009000b0f78800aff78000aef77800adf72a
:1080b0007000acf76800abf76000aaf75800a9f7aa
:1080c0005000a8f74800a7f74000a6f73800a5f72a
:1080d0003000a4f72800a3f72000a2f71800a1f7aa
:1080e0001000a0f7121000000401a2af1018000049
:1080f0000001a3af12102000fc00a2af1018200056
:10810000f800a3af12104000f400a2af1018400016
:10811000f000a3af12106000ec00a2af10186000d6
:10812000e800a3afb81c3f7c0801a3af00f84244ad
:10813000e400a2af3d23400f00000000e400a28f46
:1081400000f8c2440801a38ff8fc617c0401a28fef
:10815000130040000001a38f11006000fc00a58ff8
:108160001308a000f800a58f1108a000f400a58f47
:108170001310a000f000a58f1110a000ec00a58f37
:108180001318a000e800a58f1118a000d800bfd7d1
:10819000d000bdd7c800bbd7c000b9d7b800b7d78b
:1081a000b000b5d7a800b3d7a000b2d79800b1d718
:1081b0009000b0d78800afd78000aed77800add799
:1081c0007000acd76800abd76000aad75800a9d719
:1081d0005000a8d74800a7d74000a6d73800a5d799
:1081e0003000a4d72800a3d72000a2d71800a1d719
:1081f0001000a0d700606041c00000000c01bb8fe0
:108200001401ba8f02609b401001bb8f00709a402e
:108210001801bd2700e8dd4100609b4018000042c6
:020000040000fa
:020000041d00dd
:1082200000e85d4100701a4000601b40e8febd2779
:108230001401baaf02601a401001bbaf0c01baaf13
:1082400044781b7c00147b3700609b40d800bff74c
:10825000d000bdf7c800bbf7c000b9f7b800b7f74a
:10826000b000b5f7a800b3f7a000b2f79800b1f7d7
:108270009000b0f78800aff78000aef77800adf758
:108280007000acf76800abf76000aaf75800a9f7d8
:108290005000a8f74800a7f74000a6f73800a5f758
:1082a0003000a4f72800a3f72000a2f71800a1f7d8
:1082b0001000a0f7121000000401a2af1018000077
:1082c0000001a3af12102000fc00a2af1018200084
:1082d000f800a3af12104000f400a2af1018400045
:1082e000f000a3af12106000ec00a2af1018600005
:1082f000e800a3afb81c3f7c0801a3af00f84244dc
:10830000e400a2af7f24400f00000000e400a28f31
:1083100000f8c2440801a38ff8fc617c0401a28f1d
:10832000130040000001a38f11006000fc00a58f26
:108330001308a000f800a58f1108a000f400a58f75
:108340001310a000f000a58f1110a000ec00a58f65
:108350001318a000e800a58f1118a000d800bfd7ff
:10836000d000bdd7c800bbd7c000b9d7b800b7d7b9
:10837000b000b5d7a800b3d7a000b2d79800b1d746
:108380009000b0d78800afd78000aed77800add7c7
:108390007000acd76800abd76000aad75800a9d747
:1083a0005000a8d74800a7d74000a6d73800a5d7c7
:1083b0003000a4d72800a3d72000a2d71800a1d747
:1083c0001000a0d700606041c00000000c01bb8f0e
:1083d0001401ba8f02609b401001bb8f00709a405d
:1083e0001801bd2700e8dd4100609b4018000042f5
:020000040000fa
:020000041d00dd
:1083f00000e85d4100701a4000601b40e8febd27a8
:108400001401baaf02601a401001bbaf0c01baaf41
:1084100044781b7c00187b3700609b40d800bff776
:10842000d000bdf7c800bbf7c000b9f7b800b7f778
:10843000b000b5f7a800b3f7a000b2f79800b1f705
:108440009000b0f78800aff78000aef77800adf786
:108450007000acf76800abf76000aaf75800a9f706
:108460005000a8f74800a7f74000a6f73800a5f786
:108470003000a4f72800a3f72000a2f71800a1f706
:108480001000a0f7121000000401a2af10180000a5
:108490000001a3af12102000fc00a2af10182000b2
:1084a000f800a3af12104000f400a2af1018400073
:1084b000f000a3af12106000ec00a2af1018600033
:1084c000e800a3afb81c3f7c0801a3af00f842440a
:1084d000e400a2af6734400f00000000e400a28f68
:1084e00000f8c2440801a38ff8fc617c0401a28f4c
:1084f000130040000001a38f11006000fc00a58f55
:108500001308a000f800a58f1108a000f400a58fa3
:108510001310a000f000a58f1110a000ec00a58f93
:108520001318a000e800a58f1118a000d800bfd72d
:10853000d000bdd7c800bbd7c000b9d7b800b7d7e7
:10854000b000b5d7a800b3d7a000b2d79800b1d774
:108550009000b0d78800afd78000aed77800add7f5
:108560007000acd76800abd76000aad75800a9d775
:108570005000a8d74800a7d74000a6d73800a5d7f5
:108580003000a4d72800a3d72000a2d71800a1d775
:108590001000a0d700606041c00000000c01bb8f3c
:1085a0001401ba8f02609b401001bb8f00709a408b
:1085b0001801bd2700e8dd4100609b401800004223
:020000040000fa
:020000041d00dd
:1085c00000e85d4100701a4000601b40e8febd27d6
:1085d0001401baaf02601a401001bbaf0c01baaf70
:1085e00044781b7c000c7b3700609b40d800bff7b1
:1085f000d000bdf7c800bbf7c000b9f7b800b7f7a7
:10860000b000b5f7a800b3f7a000b2f79800b1f733
:108610009000b0f78800aff78000aef77800adf7b4
:108620007000acf76800abf76000aaf75800a9f734
:108630005000a8f74800a7f74000a6f73800a5f7b4
:108640003000a4f72800a3f72000a2f71800a1f734
:108650001000a0f7121000000401a2af10180000d3
:108660000001a3af12102000fc00a2af10182000e0
:10867000f800a3af12104000f400a2af10184000a1
:10868000f000a3af12106000ec00a2af1018600061
:10869000e800a3afb81c3f7c0801a3af00f8424438
:1086a000e400a2afe736400f00000000e400a28f14
:1086b00000f8c2440801a38ff8fc617c0401a28f7a
:1086c000130040000001a38f11006000fc00a58f83
:1086d0001308a000f800a58f1108a000f400a58fd2
:1086e0001310a000f000a58f1110a000ec00a58fc2
:1086f0001318a000e800a58f1118a000d800bfd75c
:10870000d000bdd7c800bbd7c000b9d7b800b7d715
:10871000b000b5d7a800b3d7a000b2d79800b1d7a2
:108720009000b0d78800afd78000aed77800add723
:108730007000acd76800abd76000aad75800a9d7a3
:108740005000a8d74800a7d74000a6d73800a5d723
:108750003000a4d72800a3d72000a2d71800a1d7a3
:108760001000a0d700606041c00000000c01bb8f6a
:108770001401ba8f02609b401001bb8f00709a40b9
:108780001801bd2700e8dd4100609b401800004251
:020000040000fa
:020000041d00dd
:1087900000e85d4100701a4000601b40e8febd2704
:1087a0001401baaf02601a401001bbaf0c01baaf9e
:1087b00044781b7c00047b3700609b40d800bff7e7
:1087c000d000bdf7c800bbf7c000b9f7b800b7f7d5
:1087d000b000b5f7a800b3f7a000b2f79800b1f762
:1087e0009000b0f78800aff78000aef77800adf7e3
:1087f0007000acf76800abf76000aaf75800a9f763
:108800005000a8f74800a7f74000a6f73800a5f7e2
:108810003000a4f72800a3f72000a2f71800a1f762
:108820001000a0f7121000000401a2af1018000001
:108830000001a3af12102000fc00a2af101820000e
:10884000f800a3af12104000f400a2af10184000cf
:10885000f000a3af12106000ec00a2af101860008f
:10886000e800a3afb81c3f7c0801a3af00f8424466
:10887000e400a2af0a35400f00000000e400a28f20
:1088800000f8c2440801a38ff8fc617c0401a28fa8
:10889000130040000001a38f11006000fc00a58fb1
:1088a0001308a000f800a58f1108a000f400a58f00
:1088b0001310a000f000a58f1110a000ec00a58ff0
:1088c0001318a000e800a58f1118a000d800bfd78a
:1088d000d000bdd7c800bbd7c000b9d7b800b7d744
:1088e000b000b5d7a800b3d7a000b2d79800b1d7d1
:1088f0009000b0d78800afd78000aed77800add752
:108900007000acd76800abd76000aad75800a9d7d1
:108910005000a8d74800a7d74000a6d73800a5d751
:108920003000a4d72800a3d72000a2d71800a1d7d1
:108930001000a0d700606041c00000000c01bb8f98
:108940001401ba8f02609b401001bb8f00709a40e7
:108950001801bd2700e8dd4100609b40180000427f
:020000040000fa
:020000041d00dd
:1089600000e85d4100701a4000601b40e8febd2732
:108970001401baaf02601a401001bbaf0c01baafcc
:1089800044781b7c00087b3700609b40d800bff711
:10899000d000bdf7c800bbf7c000b9f7b800b7f703
:1089a000b000b5f7a800b3f7a000b2f79800b1f790
:1089b0009000b0f78800aff78000aef77800adf711
:1089c0007000acf76800abf76000aaf75800a9f791
:1089d0005000a8f74800a7f74000a6f73800a5f711
:1089e0003000a4f72800a3f72000a2f71800a1f791
:1089f0001000a0f7121000000401a2af1018000030
:108a00000001a3af12102000fc00a2af101820003c
:108a1000f800a3af12104000f400a2af10184000fd
:108a2000f000a3af12106000ec00a2af10186000bd
:108a3000e800a3afb81c3f7c0801a3af00f8424494
:108a4000e400a2af0b26400f00000000e400a28f5c
:108a500000f8c2440801a38ff8fc617c0401a28fd6
:108a6000130040000001a38f11006000fc00a58fdf
:108a70001308a000f800a58f1108a000f400a58f2e
:108a80001310a000f000a58f1110a000ec00a58f1e
:108a90001318a000e800a58f1118a000d800bfd7b8
:108aa000d000bdd7c800bbd7c000b9d7b800b7d772
:108ab000b000b5d7a800b3d7a000b2d79800b1d7ff
:108ac0009000b0d78800afd78000aed77800add780
:108ad0007000acd76800abd76000aad75800a9d700
:108ae0005000a8d74800a7d74000a6d73800a5d780
:108af0003000a4d72800a3d72000a2d71800a1d700
:108b00001000a0d700606041c00000000c01bb8fc6
:108b10001401ba8f02609b401001bb8f00709a4015
:108b20001801bd2700e8dd4100609b4018000042ad
:020000040000fa
:020000041d00dd
:108b300000600244493f053c00f0437cdb0fa52464
:108b4000d8ffbd272b2865001100a0102400bfaf5f
:108b50008039043c2b18640008006010019d033c20
:108b6000b4ec60c4019d023c006000461000a0e728
:108b7000b0ec40c41a0000101800a0e721630046c2
:108b8000d436400f00000000150000101800a0e7c8
:108b90007b40053cd253a5242b2865001e00a01065
:108ba000c22702001640023ce4cb42342b1862007c
:108bb0001100601421630046019d023c0c008010ee
:108bc000a0e640d400632046d436400f00000000e9
:108bd000000002440080033c261062001800a2af8f
:108be0002400bf8f1800a0c70800e0032800bd279d
:108bf000f5ff001001632046019d023c1e0080101d
:108c0000a8e640d4006320464137400f0000000032
:108c1000f3ff00101800a0e7e240053cd631a52480
:108c20002b2865001a00a010af40053ce0eda534ec
:108c30002b1865000900601400000000019d023c33
:108c40002163004603008010b0e640d4ccff001042
:108c500000632046caff0010016320460800801010
:108c6000019d053c0080033c261062000000824408
:108c7000b8e6acd421000046e3ff001001032c4607
:108c8000b8e6a0d421630046dfff00100163204650
:108c9000807f043c2b186400030060140000000077
:108ca000b4ff001001600c461b2c400f1000a527dc
:108cb0000300423001000324070043100200032494
:108cc000c1ff43101000acd7cfff401400000000dc
:108cd000abff0010000000001000a28f1400a58f51
:108ce0000080043c006082442618a400c6ff0010e7
:048cf0000060e344f9
:020000040000fa
:020000041d00dd
:108cf400d0ffbd272c00bfaf2800b5af2400b4af10
:108d04002000b3af1c00b2af1800b1af1400b0af75
:108d140083bf123c0080103c7c0b102683bf143ca4
:108d240083bf133c0080113c1080428e010042300e
:108d34000c00401481bf023c80000324540043ac67
:108d44002c00bf8f2800b58f2400b48f2000b38f70
:108d54001c00b28f1800b18f1400b08f0800e0031c
:108d64003000bd273080958e2400038e01006224dc
:108d74002c00048e2b104400010063240a18020006
:108d8400251060002800038e0f006214000000000c
:108d94001c00038e0c006010000000002000058ef3
:108da4001c00028e09f84000010004242400038ef4
:108db400010062242c00048e2b1044000100632463
:108dc4000a180200251060002800038ed6ff6210e6
:108dd400000000002400038e0080648e06008430ae
:108de4000600052423008554ff00b5322400038eb9
:108df40040180300ff00a632fc0a24262128640040
:108e04000000a6a001006324003ab57e2118640086
:108e1400000075a0240002ae30000292ff00423030
:108e2400c1ff4010000000002038400f0000000087
:108e34001c00038ebaff605083bf143c2000058ed3
:108e440038000392ff0063300f0060100000000040
:108e54003400038e2b104300b1ff405483bf143cf5
:108e64001c00028e09f8400025200000acff001011
:108e740083bf143cfc0a242621186400000075a05a
:108e8400e4ff0010000000003400038ea4ff4354ec
:108e940083bf143c1c00028e09f84000252000000a
:088ea4009fff001083bf143c86
:020000040000fa
:020000041d00dd
:108eac0088bf023c0070438cc47b037c007043acd5
:108ebc00c4bf033c0050648c88bf033c007d64ac91
:108ecc000303033c3200632488bf043c507383ac1f
:108edc00c4bf043c0850858c88bf043c207d85ac05
:108eec0088bf043c707383ac88bf043c6000033cb7
:108efc0000206324007083ac88bf043c0200033c58
:108f0c0001006324107083ac88bf033c207060acfc
:108f1c0088bf033c307060ac88bf043c0c00033c41
:108f2c000c006324007283ac88bf033c107260aced
:108f3c0088bf033c207260ac88bf033c607260ac9d
:108f4c0088bf033c407360ac88bf033c407060ac8e
:108f5c0088bf033c507060ac88bf033c607060ac51
:108f6c0088bf033c707060ac88bf033ca07060ace1
:108f7c0088bf033cb07060ac88bf033c0500042480
:108f8c00e07064ac88bf043c5208033cb207632415
:108f9c00f07083ac88bf033cc9000424807264acbd
:108fac0081bf033c0040043ce80064ac0070438c7f
:108fbc0001000424c47b837c007043ac88bf023c5a
:108fcc001070438cfeff610488bf033c1070628cf0
:108fdc008007427cfdff401488bf023c0074438c28
:108fec00010004240400837c007443ac2518400069
:108ffc000074628c0002427cfdff401088bf023c72
:10900c002070438c010004240484837c207043acc6
:10901c0088bf023c0074438c8410837c007443ac86
:10902c00251840000074628c8002427cfdff4010c9
:10903c0088bf023c2070438c010004248494837c00
:0c904c00207043ac0800e00300000000ae
:020000040000fa
:020000041d00dd
:109058000000043c0000023c00008424000042247c
:109068000b0044100000023c00004224080040109d
:1090780000000000e8ffbd271400bfaf09f840005a
:10908800000000001400bf8f0800e0031800bd278f
:109098000800e003000000000000043c0000023c5f
:1090a80000008424000045242328a4008328050008
:1090b800c217050021284500432805000b00a01011
:1090c8000000023c0000422408004010000000009c
:1090d800e8ffbd271400bfaf09f8400000000000fa
:1090e8001400bf8f0800e0031800bd270800e00344
:1090f80000000000d8ffbd271800b1af0080113c68
:10910800100c22922400bfaf2000b3af1c00b2aff6
:109118001a0040141400b0af009d103c009d023ca2
:10912800d8074224dc07102623800202838010001f
:10913800009d023cffff10260080133cd8075224f4
:10914800140c628e2b185000130060140100422486
:109158001624400f000000000000023c00004224da
:1091680005004010010002240080043c0000000caf
:109178000000842401000224100c22a22400bf8fc6
:109188002000b38f1c00b28f1800b18f1400b08f6d
:109198000800e0032800bd27140c62ae801002000e
:1091a800211042020000428c09f840000000000033
:1091b800e4ff0010140c628e0000023ce8ffbd279b
:1091c80000004224060040101400bfaf0080053c98
:1091d8000080043c180ca5240000000c0000842426
:1091e8002824400f000000001400bf8f0800e0038f
:0491f8001800bd2777
:020000040000fa
:020000041d00dd
:1091fc00c8ffbd273400bfaf3000b5af2c00b4aff3
:10920c002800b3af2400b2af2000b1af1238400f2a
:10921c001c00b0af5400401083bf153c0080123cc2
:10922c007c0b502683bf143c0080113c7c0a3126f9
:10923c0083bf133c060006241080a58e0002a530c7
:10924c000c00a01081bf023c00010324540043ac6d
:10925c003400bf8f3000b58f2c00b48f2800b38f33
:10926c002400b28f2000b18f1c00b08f0800e003e7
:10927c003800bd270c00028e0800038e3f004350bf
:10928c0081bf023c0080838e060063302800661488
:10929c0000000000401802008a21237e0100632494
:1092ac008a19237e1200a3a7010043241800078efd
:1092bc002b186700010042240b2843000c0005ae5c
:1092cc000080828e060042301c004614ff00823063
:1092dc00208064ae14000292ff004230d6ff401092
:1092ec00000000003c38400f1000a4a77c0b438efc
:1092fc00d1ff6010060006240400058e15000392b1
:10930c00ff00633010006010000000001000038e9e
:10931c002b104300c8ff4014000000007c0b428e51
:10932c0009f8400003000424c3ff001006000624c3
:10933c008a21227eddff001001004324208062aed2
:10934c00e4ff0010000000001000038ebaff43542d
:10935c00060006247c0b428e09f84000030004240e
:10936c00b5ff00100600062481bf023c0001032457
:10937c00d40043acb7ff00103400bf8f00010324ae
:0c938c00d40043acb0ff001081bf023cd5
:020000040000fa
:020000041d00dd
:1093980083bf023c00a040ac83bf023c40a040ac6d
:1093a800d007022483bf033c10a062ac83bf033cf8
:1093b80050a062ac0a00032483bf023c20a043ac47
:1093c80083bf023c60a043ac83bf043c1000023c56
:1093d80000044224c0a282ac0500053c00c0a534ac
:1093e80083bf023cd0a245ac83bf023ce0a240aca4
:1093f800f401072483bf023cf0a247ac83bf023cc0
:1094080000a340ac4c00022483bf043c10a382acf0
:1094180083bf043c20a382ac0004042483bf063c21
:1094280050a3c4acc607062483bf083c40a306adbe
:1094380083bf083c60a300ad83bf083c80a300ad98
:1094480083bf083c90a303ad81bf083c008009346a
:10945800180109ad0080083cbc0b0825100000adc0
:1094680083bf083cc0a404ad83bf083cd0a405adad
:1094780083bf083ce0a400ad83bf083cf0a407ad5f
:1094880083bf083c00a500ad83bf083c10a502ad12
:1094980083bf083c20a502ad83bf083c50a504ad9e
:1094a80083bf083c40a506ad83bf083c60a500ad5e
:1094b80083bf083c80a500ad83bf083c90a503ade1
:1094c80083bf083cc0a504ad83bf083cd0a505ad4b
:1094d80083bf053ce0a5a0ac83bf053cf0a5a7acc5
:1094e80083bf053c00a6a0ac83bf053c10a6a2ac78
:1094f80083bf053c20a6a2ac83bf023c50a644ac67
:1095080083bf023c40a646ac83bf023c60a640ac89
:1095180083bf023c80a640ac83bf023c90a643ac0c
:089528000800e0030000000050
:020000040000fa
:020000041d00dd
:10953000880002243f00a2108900a2281a004010cf
:10954000810002245400a2108200a22805004010cd
:10955000800002245100a2500000e28c0800e003c9
:1095600025100000820002243b00a2500000e28c83
:1095700084000224f9ffa214000000000000e28c25
:10958000040043240000428c2700c0100000e3ac1c
:109590002016027c000082acc3170200040082acdb
:1095a0000800e00301000224a00002243600a250bb
:1095b0000000e28ca100a2281000401090000224bc
:1095c000e6ffa214000000000000e28c0700422425
:1095d0000410027c0000488c0400498c08004224de
:1095e0000000e2ac000088ac040089ac0100c010af
:1095f000010002240800e00300000000c000022473
:109600000500a2500000e28cf0000224d3ffa21457
:10961000000000000000e28c040043240000e3ace2
:10962000020000100000428cffff423020000010ba
:10963000000082ac0000e28c040043240000428c55
:109640000300c0100000e3acd2ff00102014027c25
:10965000f6ff0010ff004230070042240410027c95
:109660000000488c0400498c080042240000e2ac51
:10967000000088ac040089acdeffc01001000224a9
:109680000800e00300000000040043240000e3acf5
:10969000c0ff00100000428c0000e28c0400432454
:1096a0000000e3ac0000428cbbffc014000082aca1
:0896b000bbff0010040080acb8
:020000040000fa
:020000041d00dd
:10000000e8ffbd271400bfaf1000b0af2d00a01057
:100010002580a000254880000100082483bf0b3cf8
:1000200006000a240080063c7c0bc62425600000e4
:100030000080073c7c0ae724ffff10250080628dca
:100040000600423031004a14000000000c00ce8c43
:100050000800c28c01004d241800c38c2b68a3013a
:10006000010043240a188d011600c31125686000a1
:1000700001002391001a030000002e9125186e0044
:1000800000806e8d0600ce311b00ca15ff006f3058
:1000900040100200217047000000cfa1010042245f
:1000a000021a030021104700000043a00800cdac55
:1000b000010003252b1005010d0040140200292525
:1000c000258000011238400f00000000030040109e
:1000d00081bf023c00010324d80043ac251000027c
:1000e0001400bf8f1000b08f0800e0031800bd2778
:1000f000d1ff001025406000ff0063302110470051
:10010000000043a0e9ff0010000000000c00cd8caf
:100110000800c28c010043241800ce8c2b186e00fe
:1001200001004e240a708301e6ffae112518c001bc
:1001300021688800ffffae9100806d8d0600ad3113
:100140000a00aa552110470040100200216847000c
:100150000000aea10100422421104700000040a091
:100160000800c3acd3ff00100100032500004ea01f
:08017000fbff0010000000007d
:020000040000fa
:020000041d00dd
:1096b800c0ffbd273c00bfaf3800b1af3400b0af2a
:1096c800258080001000a0af1400a0af1800a0af44
:1096d8001c00a0af2000a0af2400a0af2800a0afbe
:1096e8004c3a400f2c00a0af83bf113cc0a2228e81
:1096f80004a5027cc0a222aed532400f252000026c
:10970800df39400f0000000083bf023cd0a2438c29
:109718008439037cd0a243ac83bf023cd0a4438ce1
:109728008439037cd0a443ac83bf023cd0a5438cce
:109738008439037cd0a543ac7e39400f0200042451
:109748007e39400f040004247e39400f05000424ac
:10975800aa29400f25200002fc29400f25200002dd
:109768000629400f252000025829400f2520000215
:10977800b428400f252000026228400f252000024f
:10978800040000c6210000460000064400006744ab
:10979800019d053c5ceba5244239400f1000a4272d
:1097a800a038400f1000a427252840000000400fd3
:1097b8001000a4271000a0af1400a0af1800a0af9d
:1097c8001c00a0af2000a0af2400a0af2800a0afcd
:1097d8002c00a0af8739400f020004248739400fbe
:1097e800040004248739400f050004244c3a400f34
:1097f80000000000c0a2228e0100032404a5627ca0
:10980800c0a222aedf39400f00000000040000c6ed
:109818003c00bf8f3800b18f3400b08f0800e003e0
:049828004000bd2718
:020000040000fa
:020000041d00dd
:10982c000080023cbc0b42241400458c83bf023cdc
:10983c00c0a2448c83bf033cc0a2628cc006427c95
:10984c00c0a2638cc004637c0700601083bf033c20
:10985c000500401083bf023cc0a2438cc4de037cd5
:10986c00c0a243ac83bf033cc0a2628c0007427c05
:10987c00c0a2638c0005637c0700601083bf033caf
:10988c000500401083bf023cc0a2438c04e7037c5c
:10989c00c0a243ac83bf033cc0a2628c4007427c95
:1098ac00c0a2638c4005637c0700601083bf033c3f
:1098bc000500401083bf023cc0a2438c44ef037ce4
:1098cc00c0a243ac83bf033cc0a2628c8007427c25
:1098dc00c0a2638c8005637c0a00601083bf033ccc
:1098ec000800401083bf023cc0a2438c84b5037cab
:1098fc00c0a243acc0a2438c84f7037cc0a243ac8f
:10990c0083bf033cc0a2628cc2170200c0a2638c4e
:10991c00c005637c0a00605081bf023c0700401008
:10992c0083bf023cc0a2438cc4bd037cc0a243ac29
:10993c00c0a2438cc4ff037cc0a243ac81bf023cd9
:10994c0000800334940043ac0080023cbc0b4224e6
:10995c001000428c0a0040100080023ce8ffbd273a
:10996c001400bfafbc0b42241000428c09f840001d
:10997c0004d0047c1400bf8f0800e0031800bd273e
:08998c000800e00300000000e8
:020000040000fa
:020000041d00dd
:10999400c8ffbd271400bfaf2800b8f72000b6f7f2
:1099a4001800b4f77038400f25200000fdff401068
:1099b400000000007038400f02000424f9ff40103a
:1099c400000000009c8196c73a3a400f020004242c
:1099d4003c808397408081c7231043000000824469
:1099e400200080460200014621000046019d023c01
:1099f40060da54d4a1b00046019d023c68da56d422
:109a0400821036462100544c200020469c8180e779
:109a1400948198c73a3a400f252000003e808397ee
:109a2400408081c723104300000082442000804608
:109a3400020001462100004621c6004682c5364682
:109a44002100d44e20002046948180e79c8180c769
:109a5400948181c700000146000002440080033c59
:109a640026104300988182af9c8180c7988184c767
:109a7400948182c72100004621210046019d023cb9
:109a840070da46d40221264601002446a11000467d
:109a94008210264601002246019d023c78da42d417
:109aa40002002246200020468c8180e7988180c7ee
:109ab400948181c7019d023c14da42c442080246e3
:109ac4002800224c019d023c18da41c402000146e0
:109ad400788180e71400bf8f2800b8d72000b6d75c
:0c9ae4001800b4d70800e0033800bd27cc
:020000040000fa
:020000041d00dd
:109af00000000040fb21f93f000000002d44743eaf
:109b0000000000809846f83c0000006051cc783b93
:109b100000000080831bf0390000004020257a38c7
:109b2000000000802282e336000000001df369354a
:109b300083f9a200444e6e00fc291500d15727007e
:109b4000dd34f50062dbc0003c9995004190430094
:109b50006351fe00bbdeab00b761c5003a6e240066
:109b6000d24d42004906e00009ea2e001c92d100c5
:109b7000eb1dfe0029b11c00e83ea700f535820070
:109b800044bb2e009ce98400b4267000417e5f0037
:109b9000d6913900538339009cf439008b5f8400df
:109ba00028f9bd00f81f3b00deff97000f98050065
:109bb000112fef000a5a8b006d1f6d00cf7e36000b
:109bc00009cb2700464fb7009e663f002dea5f0095
:109bd000ba277500e5ebc7003d7bf100f7390700b8
:109be00092528a00fb6bea001fb15f00085d8d0096
:109bf000300356007bfc4600f0ab6b0020bccf006e
:109c000036f49a00e3a91d005e619100081be6008e
:109c100085996500a0145f008d40680080d8ff0022
:109c200027734d0006063100ca561500c9a87300f7
:109c30007be260006b8cc0000300000004000000a9
:089c4000040000000600000012
:020000040000fa
:020000041d00dd
:109c480088bf023c2070438c010005240463a37c78
:109c5800207043ac251840002070628c8002427c42
:109c6800fdff40100200023c88bf033c0200422472
:109c7800007262ac88bf023c4073458c010003242b
:109c88000400657c407345ac4073458c8410657c4a
:109c9800407345ac88bf023c2070458c0463057c4a
:109ca800207045ac2070458cc439657c207045ac6b
:109cb80064000524251000002518000088bf0a3c10
:109cc8000500092488bf083c88bf073cc070468d42
:109cd8000500c630fdffc914000000000076068d9f
:109ce800211866002076e68cffffa524ff00a5302a
:109cf800f6ffa0142110460088bf053c2070a68cf2
:109d0800c439067c2070a6ac2070a68c01000724fc
:109d18000463e67c2070a6ac2530a0002070c58cba
:109d28008002a57cfdffa0100c00053c88bf063c06
:109d38000c00a5240072c5ac88bf053c4073a68cf6
:109d48000400067c4073a6ac4073a68c8410067c85
:109d58004073a6ac88bf053c2070a68c0463067cc3
:109d68002070a6aceb51053c1f85a5341900650091
:109d78001018000042190300080083a419004500c8
:109d880010100000421102000a0082a40800e0033b
:049d980001000224a0
:020000040000fa
:020000041d00dd
:109d9c00d8ffbd272000b4af0080143c040c828e89
:109dac002400bfaf1c00b3af1800b2af1400b1afaa
:109dbc003a0040141000b0af0080123c0c0c518ed5
:109dcc00030020160080133c0080113c800c3126cf
:109ddc00080c708e050000160000023c0080103c40
:109dec00800c10260002422421800202821f1100e6
:109dfc00020002240100625000e0317e821f10003c
:109e0c00020002240100625000e0107e0539400f70
:109e1c00000000000000438c0400428c2b20230225
:109e2c0004008014211062002b202202290080548f
:109e3c002b1811020080043cd401842400e0847ca3
:109e4c002b206400150080142b20030204008014c6
:109e5c002b2062002b200202180080142b206200a1
:109e6c000f0080102400bf8f0080043cd401842498
:109e7c004227040005000524120085140400052463
:109e8c0000a0043c25186400251044000c0c43aec3
:109e9c00080c62ae0c0c428e040c82ae2400bf8ff8
:109eac002000b48f1c00b38f1800b28f1400b18f38
:109ebc001000b08f0800e0032800bd27eaff001057
:109ecc0025100002efff85100080043cf1ff00100c
:109edc000c0c42aee4ff601425182002deff0010cb
:049eec002b20020223
:020000040000fa
:020000041d00dd
:109ef000c0ffbd272c00b1af258880002520c00001
:109f00000400878c0000a28c3800b4afc2a7070001
:109f10003400b3af3000b2af2800b0af3c00bfafe9
:109f20002580a0000400a38c0800b28c2000a2af02
:109f30000c00b38c3e0080120000c68c233006005b
:109f40002b20060023380700080060042338e400b3
:109f50004408027c050080162000a2af2000a28fda
:109f6000040043302a006010c000427cffff4226fc
:109f70002000a3271800a3af0a0003241400a3aff6
:109f80001000a2afed2a400f252000020600801627
:109f90002d0003242000a38f040064301e008010d5
:109fa000080063302b000324ffff422421206202bb
:109fb000000083a01000068e2000a38f25384002e9
:109fc000ffffc6241000a3af2330c2002128620285
:109fd0005f2c400f252020020400238e00016330f7
:109fe000040060103c00bf8f0400038e2a20430051
:109ff0000b1064003800b48f3400b38f3000b28f80
:10a000002c00b18f2800b08f0800e0034000bd276e
:10a01000d7ff001023104202e6ff60102000042446
:10a02000ffff422421186202e2ff0010000064a03a
:10a03000c8ff63044408027cc9ff00102000a28fff
:020000040000fa
:020000041d00dd
:10a0400086bf023c300040ac86bf023c02180324ad
:10a05000140043ac86bf023c13190324040043ac34
:10a0600086bf023c300140ac86bf023c2242032442
:10a07000140143ac86bf023c8e020324040143acae
:10a080000c00052486bf023c580145ac86bf023c4b
:10a09000300240ac86bf023c000c0324140243ace7
:10a0a00086bf023c071c0324040243ac86bf023c6b
:10a0b00000010324680343ac86bf023c00880334dc
:10a0c000780343ac81bf023c00800334d80043ac2a
:10a0d00080bf023c300040ac99aa033c5566632423
:10a0e000300043ac6655033caa996334300043ac5e
:10a0f00080bf033c0000648c446b047c000064acb3
:10a100000600042480bf063cd014c4ac80bf063ccb
:10a11000d814c4ac80bf063cdc14c4ac80bf043c83
:10a1200005000624d41486ac80bf043c020006243b
:10a13000c41486ac80bf043c641480ac80bf043c73
:10a14000140006247c1686ac80bf043c501685acf7
:10a150000100052480bf043c5c1685ac0000648cc3
:10a16000446ba47c000064ac300040ac0080023c36
:10a1700038000324580c43ac580c4224040040ac73
:08a180000800e00300000000ec
:020000040000fa
:020000041d00dd
:10a18800e0ffbd271c00bfaf1800b1af1400b0af8f
:10a1980025808000000080a082bf023c100240acf5
:10a1a8009f3a400f0000000083bf023cd0a2438cbe
:10a1b800020004248439837cd0a243ac83bf023cd0
:10a1c800d0a4438c010004248439837cd0a443acfc
:10a1d80083bf023cd0a5438c8439037cd0a543ac13
:10a1e80088bf023c2070438cc439837c207043ac08
:10a1f80082bf033c00000292ff0042300600401478
:10a2080088bf023c1002648c0800028e2b1082006a
:10a21800f8ff401488bf023c2070438cc439037c8b
:10a22800207043ac83bf023cd0a2438c8439037caa
:10a23800d0a243ac83bf023cd0a4438c8439037cb6
:10a24800d0a443ac83bf023cd0a5438c8439037ca3
:10a25800d0a543accb3a400f0c00118e2b10220234
:10a268000800401482bf023ccb3a400f00000000b7
:10a278000c0002ae019d023c78e940c4040000e6ef
:10a2880082bf023c100240ac9f3a400f0000000021
:10a2980082bf033c1002628c7017422cfdff4014f1
:10a2a80000000000a43a400f00000000019d023c9d
:10a2b80078e940c41c00bf8f1800b18f1400b08f1c
:08a2c8000800e0032000bd279f
:020000040000fa
:020000041d00dd
:10a2d000e0ffbd271c00bfaf1800b1af1400b0af46
:10a2e00025808000000080a082bf023c100240acac
:10a2f0009f3a400f0000000083bf023cd0a2438c75
:10a30000020004248439837cd0a243ac83bf023c86
:10a31000d0a4438c8439037cd0a443ac83bf023cdb
:10a32000d0a5438c010004248439837cd0a543aca0
:10a3300088bf023c2070438cc439837c207043acbe
:10a3400082bf033c00000292ff004230060040142e
:10a3500088bf023c1002648c0800028e2b10820021
:10a36000f8ff401488bf023c2070438cc439037c42
:10a37000207043ac83bf023cd0a2438c8439037c61
:10a38000d0a243ac83bf023cd0a4438c8439037c6d
:10a39000d0a443ac83bf023cd0a5438c8439037c5a
:10a3a000d0a543accb3a400f0c00118e2b102202eb
:10a3b0000800401482bf023ccb3a400f000000006e
:10a3c0000c0002ae019d023c7ce940c4040000e6a2
:10a3d00082bf023c100240ac9f3a400f00000000d8
:10a3e00082bf033c1002628c7017422cfdff4014a8
:10a3f00000000000a43a400f00000000019d023c54
:10a400007ce940c41c00bf8f1800b18f1400b08fce
:08a410000800e0032000bd2755
:020000040000fa
:020000041d00dd
:10a41800e0ffbd271c00bfaf1800b1af1400b0affc
:10a4280025808000000080a082bf023c100240ac62
:10a438009f3a400f0000000083bf023cd0a2438c2b
:10a448008439037cd0a243ac83bf023cd0a4438ca4
:10a45800020004248439837cd0a443ac83bf023c2b
:10a46800d0a5438c010004248439837cd0a543ac57
:10a4780088bf023c2070438cc439837c207043ac75
:10a4880082bf033c00000292ff00423006004014e5
:10a4980088bf023c1002648c0800028e2b108200d8
:10a4a800f8ff401488bf023c2070438cc439037cf9
:10a4b800207043ac83bf023cd0a2438c8439037c18
:10a4c800d0a243ac83bf023cd0a4438c8439037c24
:10a4d800d0a443ac83bf023cd0a5438c8439037c11
:10a4e800d0a543accb3a400f0c00118e2b102202a2
:10a4f8000800401482bf023ccb3a400f0000000025
:10a508000c0002ae019d023c80e940c4040000e654
:10a5180082bf023c100240ac9f3a400f000000008e
:10a5280082bf033c1002628c7017422cfdff40145e
:10a5380000000000a43a400f00000000019d023c0a
:10a5480080e940c41c00bf8f1800b18f1400b08f81
:08a558000800e0032000bd270c
:020000040000fa
:020000041d00dd
:10a56000e0ffbd271c00bfaf1800b1af1400b0afb3
:10a5700025808000000080a082bf023c100240ac19
:10a580009f3a400f0000000083bf023cd0a2438ce2
:10a59000010004248439837cd0a243ac83bf023cf5
:10a5a000d0a4438c020005248439a37cd0a443acfe
:10a5b00083bf023cd0a5438c8439037cd0a543ac37
:10a5c00088bf023c2070438cc439837c207043ac2c
:10a5d00082bf033c00000292ff004230060040149c
:10a5e00088bf023c1002648c0800028e2b1082008f
:10a5f000f8ff401488bf023c2070438cc439037cb0
:10a60000207043ac83bf023cd0a2438c8439037cce
:10a61000d0a243ac83bf023cd0a4438c8439037cda
:10a62000d0a443ac83bf023cd0a5438c8439037cc7
:10a63000d0a543accb3a400f0c00118e2b10220258
:10a640000800401482bf023ccb3a400f00000000db
:10a650000c0002ae019d023c84e940c4040000e607
:10a6600082bf023c100240ac9f3a400f0000000045
:10a6700082bf033c1002628c7017422cfdff401415
:10a6800000000000a43a400f00000000019d023cc1
:10a6900084e940c41c00bf8f1800b18f1400b08f34
:08a6a0000800e0032000bd27c3
:020000040000fa
:020000041d00dd
:10a6a800e0ffbd271c00bfaf1800b1af1400b0af6a
:10a6b80025808000000080a082bf023c100240acd0
:10a6c8009f3a400f0000000083bf023cd0a2438c99
:10a6d8008439037cd0a243ac83bf023cd0a4438c12
:10a6e800010004248439837cd0a443ac83bf023c9a
:10a6f800d0a5438c020005248439a37cd0a543aca3
:10a7080088bf023c2070438cc439837c207043ace2
:10a7180082bf033c00000292ff0042300600401452
:10a7280088bf023c1002648c0800028e2b10820045
:10a73800f8ff401488bf023c2070438cc439037c66
:10a74800207043ac83bf023cd0a2438c8439037c85
:10a75800d0a243ac83bf023cd0a4438c8439037c91
:10a76800d0a443ac83bf023cd0a5438c8439037c7e
:10a77800d0a543accb3a400f0c00118e2b1022020f
:10a788000800401482bf023ccb3a400f0000000092
:10a798000c0002ae019d023c88e940c4040000e6ba
:10a7a80082bf023c100240ac9f3a400f00000000fc
:10a7b80082bf033c1002628c7017422cfdff4014cc
:10a7c80000000000a43a400f00000000019d023c78
:10a7d80088e940c41c00bf8f1800b18f1400b08fe7
:08a7e8000800e0032000bd277a
:020000040000fa
:020000041d00dd
:10a7f000e0ffbd271c00bfaf1800b1af1400b0af21
:10a8000025808000000080a082bf023c100240ac86
:10a810009f3a400f0000000083bf023cd0a2438c4f
:10a82000010004248439837cd0a243ac83bf023c62
:10a83000d0a4438c8439037cd0a443ac83bf023cb6
:10a84000d0a5438c020005248439a37cd0a543ac59
:10a8500088bf023c2070438cc439837c207043ac99
:10a8600082bf033c00000292ff0042300600401409
:10a8700088bf023c1002648c0800028e2b108200fc
:10a88000f8ff401488bf023c2070438cc439037c1d
:10a89000207043ac83bf023cd0a2438c8439037c3c
:10a8a000d0a243ac83bf023cd0a4438c8439037c48
:10a8b000d0a443ac83bf023cd0a5438c8439037c35
:10a8c000d0a543accb3a400f0c00118e2b102202c6
:10a8d0000800401482bf023ccb3a400f0000000049
:10a8e0000c0002ae019d023c8ce940c4040000e66d
:10a8f00082bf023c100240ac9f3a400f00000000b3
:10a9000082bf033c1002628c7017422cfdff401482
:10a9100000000000a43a400f00000000019d023c2e
:10a920008ce940c41c00bf8f1800b18f1400b08f99
:08a930000800e0032000bd2730
:020000040000fa
:020000041d00dd
:10a9380088bf033c0000628c00804234000062ac97
:10a948000000628c04d6027c0004043c25104400fc
:10a95800000062ac25206000040003240000828c03
:10a968004015427cfdff43140a0e023c88bf033c9d
:10a9780003034224100062ac00a0023ce001422420
:10a9880000e0427c88bf033c300162ac0009043c13
:10a9980088bf023c000144ac88bf023c0000438ce5
:10a9a8000800053c25186500000043ac88bf033c3f
:10a9b800400164ac0000438c1000043c251864007e
:10a9c800000043ac00e0023c8000442488bf033c04
:10a9d800700164ac88bf033ca00162ac88bf023c34
:10a9e800c00740ac88bf023cd00740ac88bf033cde
:10a9f8004007628c82004234400762ac81bf023c4f
:10aa080080000324180143ac88bf033c7000628cab
:10aa180000b0043c25104400700062ac0080023c89
:10aa28006003422400054324000040a001004224a2
:10aa3800fdff43140000000088bf033c0000628c47
:10aa480004d6027c0006043c25104400000062acd9
:10aa580025206000060003240000828c4015427cfb
:10aa6800fdff4314000000000800e00300000000a0
:020000040000fa
:020000041d00dd
:10aa780050000224070082142550e0000300c2247d
:10aa88000408027c0000438c040042240800e00310
:10aa98000000e3ac0f008230e0ffbd270d00432c1f
:10aaa800400060101c00bfaf80180200019d023cee
:10aab800d4aa4224211043000000428c254880007b
:10aac8002558a000080040002540c0008cab009d20
:10aad80008ab009d5cab009d8cab009d9cab009dc2
:10aae800acab009dacab009dacab009dacab009d8e
:10aaf80048ab009d74ab009d8cab009d9cab009d4a
:10ab08001000a5276338400f2520c0001000a38f30
:10ab18000700601070002431100084380a580401be
:10ab2800204c097c0200210521186b000000638c71
:10ab38001c00bf8f000043ad0800e0032000bd27c4
:10ab48001000a527ac36400f2520c000f0ff0010ec
:10ab58001000a38f0100c3900000c290001a0300e8
:10ab680025186200eaff00100200c2240100c39009
:10ab78000000c290001a030025186200f9ff0010b7
:10ab8800201e037c0300c3880400c224e0ff0010d9
:10ab98000000c3980300c3880800c224dcff00102b
:0caba8000000c398df3a400f00000000de
:020000040000fa
:020000041d00dd
:10abb4000400828cc0ffbd273800beaf2800b4afac
:10abc4002000b2af1c00b1af3c00bfaf3400b7af40
:10abd4003000b6af2c00b5af2400b3af1800b0af4f
:10abe4002588c0002590e0005400b48f0200410481
:10abf4005800be8f010002241000908c0c00958c2c
:10ac04000000d78f5000b38fffff10262118b00229
:10ac1400000060a001000924234053000200f73221
:10ac2400c3b714001000001e251032022c0020515e
:10ac34000000c28f3c00bf8f251000023800be8f79
:10ac44003400b78f3000b68f2c00b58f2800b48f36
:10ac54002400b38f2000b28f1c00b18f1800b08f76
:10ac64000800e0034000bd27070040142110130131
:10ac74000600401c25202002ecff601a00000000a2
:10ac8400eaffe012000000002520200225284002ef
:10ac9400253080022538c0021400a8afb419400f33
:10aca400ffff10261000a2af2118b002300042248a
:10acb4002520200225284002000062a025308002c1
:10acc400c518400f2538c002ffff732625884000b1
:10acd400259060001400a88fd2ff00101000a98fe7
:0cace4000421027cd3ff00100000c2af6e
:020000040000fa
:020000041d00dd
:10acf000b8ffbd273c00b7af0400978c2000b0af71
:10ad00002580a0000400e58c4000beaf25f0800047
:10ad10002520e0023800b6af3400b5af3000b4af44
:10ad20002c00b3af2400b1af4400bfaf2800b2afd6
:10ad300025a0c00025b0e0005800b38f6000b58f9b
:10ad4000a737400f6400b18f1e00401000000000c4
:10ad5000000033ae15000006040034ae21807002fe
:10ad60002680b00206000324010002240a107000ad
:10ad70000c0022ae259000004400bf8f2510400239
:10ad80004000be8f3c00b78f3800b68f3400b58fbf
:10ad90003000b48f2c00b38f2800b28f2400b18f05
:10ada0002000b08f0800e0034800bd27feff02240a
:10adb000f1ff02162590000001000224eeff0010b2
:10adc0000c0022ae090075162520e00225904000f7
:10add0005c00a28fa737400f0400458c0400405050
:10ade0000800c48fe4ff0010080034ae0800c48fd0
:10adf0005c00a38f2538c0020000828c1c00b1af1c
:10ae00001800b5af1400a3af1000b3af1c00428c04
:10ae10002530800209f8400025280002d6ff0010e6
:04ae20002590400039
:020000040000fa
:020000041d00dd
:10ae2400a8ffbd275400bfaf5000beaf5800a4af69
:10ae3400009d023c900242242800a2af0080023c04
:10ae4400040042242c00a2af1000a4273000a4afb9
:10ae5400019d023cdcae42243400a2afaf15400f8a
:10ae64003800bdafffff02241400a2af4938400fe1
:10ae74005800a48f5800a28f5638400f080044246d
:10ae84005800a28fdf39400f0c0040ac2530000081
:10ae9400009d053c5009a5249039400f020004246c
:10aea400e933400f0c00042425184000010002245b
:10aeb4001400a2af019d023c0cda468c019d023cb9
:10aec40010da458c4400a3af9737400f252060006b
:10aed4000a000010ffff02241800a28f4800a2af4e
:10aee4000c000524ed39400f4400a48fffff022419
:10aef4001400a2af2a16400f4800a48f1400a2af7a
:10af04001227400f4400a48f1c3b400f4400a48f21
:10af14003e8082a71e3b400f4400a48f3c8082a742
:10af24001a3b400f4400a48f408080e7b415400fc3
:10af34001000a4275400bf8f5000be8f0800e00308
:04af44005800bd27cd
:020000040000fa
:020000041d00dd
:10af48000080023c019d033c40da60c44c0a40e4a6
:10af58004c0a4224019d033c44da60c4040040e4e6
:10af6800080040ac019d033c48da62c40c0042e48e
:10af7800100040ac140040ac180040ac1c0040acc1
:10af8800200040ac240040ac019d033c28da60c49a
:10af9800280040e42c0040e40080023c1c0a40ac3d
:10afa8001c0a4224019d033c4cda60c4040040e4be
:10afb800080040ac0c0042e4100040ac140040ac67
:10afc800180040ac1c0040ac200040ac240040ac51
:10afd800019d033c50da61c4280041e4019d033c13
:10afe80054da61c42c0041e40080023cec0940e4de
:10aff800ec094224040040e4080040ac0c0042e4a0
:10b00800100040ac140040ac180040ac1c0040ac30
:10b01800200040ac240040ac019d033c58da61c4d8
:10b02800280041e42c0041e40080023cbc0940e4d3
:10b03800bc094224040040e4080040ac0c0042e48f
:10b04800100040ac140040ac180040ac1c0040acf0
:10b05800200040ac240040ac280041e40800e00394
:04b068002c0041e493
:020000040000fa
:020000041d00dd
:10b06c00c8ffbd273800ace73000b1af3800b18f56
:10b07c00c94d033cdb0f632400f0227e2b184300e8
:10b08c003400bfaf180060102c00b0af019d023c23
:10b09c0008e744d4019d023c00e740d4a16000467f
:10b0ac00019d033c2110804c0100244610e764d420
:10b0bc00019d033c020124464d0020460008024439
:10b0cc008110244618e764d402002446011020465f
:10b0dc000000a0f43400bf8f3000b18f2c00b08f73
:10b0ec000800e0033800bd27807f033c2b18430089
:10b0fc00060060143800a0c72510000001000046af
:10b10c0021000046f3ff00100000a0f4c23502003d
:10b11c006affc624c01d06002310430000008244b1
:10b12c002580a000210000461000a0af01000724dc
:10b13c001800a5272000a427db0c400f2000a0f747
:10b14c00080021061800a38f0080043c2310020085
:10b15c00000003ae1c00a38f26186400ddff001056
:10b16c00040003ae1800a0d7daff0010000000f6b0
:020000040000fa
:020000041d00dd
:10b17c00c0ffbd272c00b3af5000b38f3800b6af63
:10b18c003000b4af010073322800b2af2400b1af6d
:10b19c002000b0af3c00bfaf3400b5af25908000ad
:10b1ac0025b0a0002580c0002588e00003006016b3
:10b1bc002ba0c7001300805623a0300225300002bc
:10b1cc002528c002ba35400f252040020d008016fc
:10b1dc0023a03002258800023c00bf8f25102002de
:10b1ec003800b68f3400b58f3000b48f2c00b38f7d
:10b1fc002800b28f2400b18f2000b08f0800e0032c
:10b20c004000bd271100862e100002240b10860270
:10b21c0025304000200005241000a4272e39400fb3
:10b22c0025a880021000a22e0b0040100f008632c1
:10b23c001000a527ba35400f25204002e6ff601606
:10b24c00253000022528c002ba35400f25204002c7
:10b25c00e2ff00103c00bf8f100006241000a52751
:10b26c00ba35400f25204002eeff0010f0ffb52646
:020000040000fa
:020000041d00dd
:10b27c00d8ffbd272400bfaf2000b3af1c00b2af76
:10b28c001800b1af2038400f1400b0af2528400093
:10b29c00ff0043308100632c2b0060102510000050
:10b2ac00ff00a5300080043c1930400fe0088424d6
:10b2bc00258800000080123ce00852260080133cd8
:10b2cc0060097026a038400f252040022b10220266
:10b2dc0017004010748082938a19327e212050000e
:10b2ec00000083a001004224748082a30a0002247f
:10b2fc000d00625401003126cc17400f25200002ae
:10b30c00748080a3600960ae040000ae080000ae3b
:10b31c000c0000ae100000ae140000ae180000ae21
:10b32c001c0000ae01003126e6ff0010ff00313298
:10b33c0080000624252800000080043c2e39400f94
:10b34c00e0088424010002242400bf8f2000b38f66
:10b35c001c00b28f1800b18f1400b08f0800e003ee
:04b36c002800bd27d1
:020000040000fa
:020000041d00dd
:10b370000000a28c0400a38cc0ffbd273800b3af2f
:10b380003400b2af3000b1af2c00b0af3c00bfaf63
:10b39000259080002580a0000800b38c2000a2af7b
:10b3a000030060040c00b18c4408027c2000a2afb2
:10b3b0002000a2271800a2af080002241400a2afa8
:10b3c0001000b3af0400c78c0000c68ced2a400ffc
:10b3d000252000022000a38f1000633004006010bd
:10b3e00030000424ffff422421182202000064a040
:10b3f0002000a38f080063300400601020000424a4
:10b40000ffff422421182202000064a01000068ed3
:10b410002000a38f25386002ffffc6241000a3afd1
:10b420002330c200212822025f2c400f2520400239
:10b430000400438e00016330040060103c00bf8fa5
:10b440000400038e2a2043000b1064003800b38fe1
:10b450003400b28f3000b18f2c00b08f0800e003b1
:04b460004000bd27c4
:020000040000fa
:020000041d00dd
:10b4640068656c700a00000048454c505f434d44c9
:10b474004c4953540a4950445f53544152543d4932
:10b484006e697469616c506f736974696f6e446539
:10b49400746563745f53746172740a004950445f45
:10b4a40053544152540a00004950445f535441528a
:10b4b4005421210a000000004f50454e5f4c4f4f6d
:10b4c400500a00004f50454e5f4c4f4f5021210a07
:10b4d40000000000564543544f520a005645435459
:10b4e4004f525f434f4e54524f4c21210a000000eb
:10b4f4004454430a000000004454435f434f4e54f5
:10b50400524f4c21210a00004f4d4547415f53459e
:10b51400542c00004f4d4547415f5345543d256c25
:10b52400660a0000445554595f5345542c000000ea
:10b53400447574793d256c660a000000636f6d6d77
:10b54400616e64206e6f742065786973740a0000fc
:020000040000fa
:020000041d00dd
:10b55400d0ffbd272800b3af2400b2af1c00b0afaa
:10b564002c00bfaf2000b1af259880002590a0002b
:10b574002580c0000300801025100000dd15400f59
:10b5840000000000000002ae0100512600005292ab
:10b59400ff00032423004312252860027431400f66
:10b5a40025204002252840002530200204000726db
:10b5b4009e2a400f25204002258840000000229248
:10b5c400ff0003240100242618004310140002a2e3
:10b5d4006338400f1000a527252040001000a28fdb
:10b5e400211082000c0002ae000082901000a527fa
:10b5f400010084246338400f150002a21000a38fb9
:10b604002c00bf8f2800b38f21184300100003ae15
:10b614002400b28f2000b18f1c00b08f0800e0031b
:10b624003000bd27e5ff0010040002aeeeff00105d
:04b634000c0000ae58
:020000040000fa
:020000041d00dd
:10b63800840002242200a2500000e28c8500a22887
:10b6480010004010810002240800a2500000e28c83
:10b65800820002242700a2500000e28c800002240d
:10b668001000a214000000000000e28c0400432433
:10b678000000e3ac0000428c000082ac1500001012
:10b68800000046ac900002241a00a2500000e28c90
:10b698009100a22805004010880002240f00a25043
:10b6a8000000e28c0800e00325100000a00002243e
:10b6b800eeffa2500000e28ce9ff0010c000022457
:10b6c800040043240000e3ac0000428c000082ac7c
:10b6d800000046a40800e0030100022404004324fb
:10b6e8000000e3ac0000428c000082acf9ff0010bf
:10b6f800000046a0040043240000e3ac0000428c94
:10b70800000082ac000046acc3370600f1ff001011
:04b71800040046ac37
:020000040000fa
:020000041d00dd
:10b71c00a8ffbd275400bfaf5000beaf009d023c38
:10b72c00900242242800a2af0080023c0a0042246e
:10b73c002c00a2af1000a4273000a4af019d023c46
:10b74c0094b742243400a2afaf15400f3800bdaf00
:10b75c00ffff02241400a2afe933400f10000424b1
:10b76c0025184000010002241400a2af340806245e
:10b77c00d00705244400a3af1736400f25206000e6
:10b78c000a000010ffff02241800a28f4800a2af8d
:10b79c0010000524ed39400f4400a48fffff022454
:10b7ac001400a2af2a16400f4800a48f1400a2afb9
:10b7bc00ae25400f4400a48f5835400f4400a48f91
:10b7cc0010000524ed39400f4400a48f4c3a400f73
:10b7dc0000000000b415400f1000a4275400bf8fc8
:0cb7ec005000be8f0800e0035800bd278d
:020000040000fa
:020000041d00dd
:10b7f800a8ffbd270400a1af0800a2af0c00a3afab
:10b808001000a4af1400a5af1800a6af1c00a7af86
:10b818002000a8af2400a9af2800aaaf2c00abaf26
:10b828003000acaf3400adaf3800aeaf3c00afafc6
:10b838004000b8af4400b9af4800bfaf12400000a5
:10b848004c00a8af104000005000a8af019d1a3c62
:10b8580048e95a27000000000068044000600540dd
:10b8680009f84003000000005000a88f11000001f3
:10b878004c00a88f130000010400a18f0800a28fbc
:10b888000c00a38f1000a48f1400a58f1800a68f9a
:10b898001c00a78f2000a88f2400a98f2800aa8f3a
:10b8a8002c00ab8f3000ac8f3400ad8f3800ae8fda
:10b8b8003c00af8f4000b88f4400b98f4800bf8f5d
:0cb8c8005800bd27c0000000180000421e
:020000040000fa
:020000041d00dd
:10b8d40083bf033c0200023c08004224008062aca7
:10b8e40083bf023c00940434188044ac83bf023c00
:10b8f40003010424408044ac81bf023c00010424c1
:10b90400d40044ac0080043c7c0b82241c0040ac7a
:10b91400240040ac280040ac300040a0380040a0d7
:10b92400340040ac7c0b80ac080040ac0c0040ac54
:10b93400140040a0150040a0100040ac3c0040acf6
:10b944000080628c06004230060003240e0043147b
:10b95400400003247c0b82242c0043ac180043ac2d
:10b9640083bf023c00800334088043ac81bf023ca7
:10b9740040000324d80043ac80000324d80043ac27
:10b984000800e003000000000080023c7c0b42241d
:10b99400800003242c0043ac180043acf1ff0010da
:04b9a40083bf023c1f
:020000040000fa
:020000041d00dd
:10b9a8000080063c480cc6240400c28cf8ffbd2762
:10b9b800f8ff8724060040100000a6aff8ff838c2c
:10b9c8002128e3002b40a200050000110000000020
:10b9d800fcff82ac0400c7ac0800e0030800bd27e8
:10b9e800070045540080063c0400458c0000428c4a
:10b9f800fcff85ac21184300f6ff0010f8ff83ac6c
:10ba08004c0cc6240400488c060000112b48a800e2
:10ba1800040020110000000004004624f9ff001073
:10ba2800251000010600a8540000c28c0000a88c54
:10ba38000400a58c21186800040045ac0000c28ce5
:10ba48000000458c214045000400e8540400428c65
:10ba58002118a300e0ff0010000043acf8ff83acfe
:10ba6800fcff82ac0000c28cdbff0010040047ac76
:020000040000fa
:020000041d00dd
:10ba7800021104000f008430010003240800a01400
:10ba8800042083000012020086bf033c8800632460
:10ba980021106200000044ac0800e0030000000030
:10baa8000b00a31486bf033c001202008800632425
:10bab80021186200000064ac86bf033ca400632424
:10bac80021106200000044ac0800e0030000000000
:10bad800020003240b00a31486bf033c00120200db
:10bae8008400632421186200000064ac86bf033c14
:10baf800a800632421106200000044ac0800e003a1
:10bb08000000000003000324e3ffa3140012020056
:10bb180086bf033c8800632421186200000064acdf
:10bb280086bf033ca800632421106200000044acd7
:08bb38000800e003000000001a
:020000040000fa
:020000041d00dd
:10bb400083bf043c1080838c0e0063300080023c75
:10bb50007c0b42243c0043ac1080828c0e004230af
:10bb6000180040100080023c1080828c020042309d
:10bb70000300401083bf023c02000324148043ac46
:10bb800083bf023c1080428c01004230070040100d
:10bb900083bf033c83bf043c3080828c1080628c66
:10bba00001004230fcff40140000000081bf023c55
:10bbb00040000324540043ac80000324540043acf1
:10bbc0000080023c7c0b42241c00428c0c00401084
:10bbd00000000000e8ffbd271400bfaf0080023c5a
:10bbe0007c0b42242000458c1c00428c09f840004c
:10bbf000020004241400bf8f0800e0031800bd27d2
:08bc00000800e0030000000051
:020000040000fa
:020000041d00dd
:10bc08000080063c740cca8c2b00401125100000e3
:10bc18002518400125380000254000000000658ceb
:10bc28000800a4141000698c0200e050740cc9ac20
:10bc38001000e9ac0800e00310006224f7ff0010d0
:10bc4800251820012b58850007006011000000000e
:10bc58001b0040502540e00000004b8c2b28ab0017
:10bc68000b40e5000b106500f4ff20152538600037
:10bc780011004010000000000000438c1000458cab
:10bc8800231864001100692c0700201510004724b0
:10bc9800000044acf0ff63242120e400100085acd0
:10bca800000083ac2528800002004255100005ad35
:10bcb800740cc5ac2510e0000800e003000000008b
:08bcc800e9ff001025106000e7
:020000040000fa
:020000041d00dd
:10bcd00070ffbd278400b2af8000b1af7c00b0af71
:10bce0002588a000258080002590c0002528000020
:10bcf0004c0006242400a4278800b3af8c00bfaffb
:10bd00002e39400f2598e000ffff02241000a2af5b
:10bd100002010224020000161400a2af7000b02736
:10bd20001800b0af1c00b1af0200201225100000b7
:10bd3000ffff22260c0021062000a2af0080023c5b
:10bd40004f000324780c43acffff02248c00bf8f0c
:10bd50008800b38f8400b28f8000b18f7c00b08fd9
:10bd60000800e0039000bd2701002056000000a25b
:10bd700025306002252840021000a4272800b0af1b
:10bd8000e537400f2400b0aff1ff00108c00bf8feb
:020000040000fa
:020000041d00dd
:10bd90000000a28c0400a38cc0ffbd273800b3af05
:10bda0003400b2af3000b1af2c00b0af3c00bfaf39
:10bdb000258880002580a0000800b28c2000a2af5a
:10bdc000030060040c00b38c4408027c2000a2af86
:10bdd0002000a2271800a2af0a0002241400a2af7c
:10bde0001000b2af0400c78c0000c68ced2a400fd3
:10bdf000252000021000068e2000a38f2538400267
:10be0000ffffc6241000a3af2330c2002128620226
:10be10005f2c400f252020020400238e0001633098
:10be2000040060103c00bf8f0400038e2a204300f2
:10be30000b1064003800b38f3400b28f3000b18f24
:0cbe40002c00b08f0800e0034000bd277c
:020000040000fa
:020000041d00dd
:10be4c005000828ce8ffbd271000b0af1400bfafcc
:10be5c000b004010258080005400838c2a10620057
:10be6c0007004014000000004c0000aeffff02244d
:10be7c001400bf8f1000b08f0800e0031800bd271e
:10be8c006e36400f25200002f8ff42044c0000ae35
:10be9c004000038e5000048e3c00058e090080107b
:10beac00253060005400068e233865002320860060
:10bebc002a38e4000300e01425306000ffff8424de
:10becc002130a400060060104c0006ae5400048e15
:10bedc00231865000100632421188300540003ae6d
:10beec00ffffa390e2ff6254ffffa2a0e1ff00104e
:04befc001400bf8fe0
:020000040000fa
:020000041d00dd
:10bf0000f8ffbd270800acf70c00a38f0055627c3a
:10bf100033044428150080100800a0d70010804486
:10bf20000010e0443260224610000145000000008d
:10bf3000019d043c0f00610428ea84d4016024467a
:10bf40000000244601002c46ff0342280e0040104a
:10bf50000800a1d70000a0f714006004019d023c76
:10bf60000800a0af0c00a0af0800a0d70800e003b5
:10bf70000800bd270800a1d7000024460100244680
:10bf8000f1ff0010010021463c11204640082046e8
:10bf9000f5ff04450800a1f7019d023c30ea40d4ba
:10bfa00001082046f0ff00100800a0f7fdff001078
:04bfb00020ea40d46f
:020000040000fa
:020000041d00dd
:10bfb40080bf023c300040ac99aa033c5566632420
:10bfc400300043ac6655033caa996334300043ac5b
:10bfd40080bf033c0000648c0463047c000064acf8
:10bfe40080bf043c60030524400085ac80bf053c51
:10bff4001700043c1f0084245000a4ac80bf043c00
:10c00400ffff0524600085ac80bf053ccb0f043cda
:10c01400fc0184247000a4ac80bf053c00e3043c14
:10c024003e3f84248000a4ac80bf043c0d0f053c3b
:10c03400900085ac80bf043ca00080ac0000648c00
:10c04400010005240463a47c000064ac3333033c86
:10c0540033336324300043ac0800e00300000000e5
:020000040000fa
:020000041d00dd
:10c064000080023c7c0b42242800438c2400498c31
:10c074001c00a0102510a0002300695025182001e1
:10c08400254080002510000083bf0c3c06000b24d3
:10c094000080073cfc0ae72400800a3c7c0b4a250c
:10c0a4000080868d0600c6301300cb144030030098
:10c0b4008a69e67c00000da10100c6248a31e67c71
:10c0c400010006a1010063242c00468d2b3066007c
:10c0d400010042240300a2100a180600f0ff2315f1
:10c0e400020008250080043c7c0b8424280083acd7
:10c0f4000800e003000000008a69e37c213082002c
:10c10400f0ff00100000cda0f6ff00102510000085
:020000040000fa
:020000041d00dd
:10c11400e8ffbd271400bfaf0e3b400f0000000036
:10c124000000448c11008010d4bc033c3000858c8a
:10c134003400868c00d56334b1b8073c2118a300c1
:10c14400bcaae7342b2865002130c7002128a600ab
:10c154000300a0140200632c070060541400838cb5
:10c16400000040ac4e16400f300084241400bf8ff2
:10c174000800e0031800bd2708006304ffff6324e0
:10c1840001006324f9ff6054140083ac1000858c13
:10c19400000045acf5ff0010140083ac04006014eb
:10c1a400000000001000838ceeff0010000043ac80
:10c1b400eeff6304140083ac643a400f00000000f7
:020000040000fa
:020000041d00dd
:10c1c400d8ffbd272000b1af0080113cdc01228ed6
:10c1d4001c00b0af2400bfaf0e00401025808000cb
:10c1e4007637400f000000001000a427d637400f18
:10c1f4001000a2af0f0042241000a58f0418027c87
:10c204003839400f252040000c0040102400bf8f17
:10c21400dc0120ae01000052010010240f001026a2
:10c224000418107c090000160080023c0c00032452
:10c23400780c43ac251000002400bf8f2000b18f80
:10c244001c00b08f0800e0032800bd270400022e64
:10c25400040003240b806200022f400f25200002fb
:10c26400f5ff4054fcff50acf4ff00102400bf8fd6
:020000040000fa
:020000041d00dd
:10c27400e0ffbd271400b0af0080103c040c028e18
:10c284001800b1af1c00bfaf0f0040142588800018
:10c294006727400f00000000040c028e0b004014be
:10c2a400000000000080023c0c000324780c43ac26
:10c2b400ffff02241c00bf8f1800b18f1400b08f41
:10c2c4000800e0032000bd27040c028e0a00201a97
:10c2d400211851002b206200f2ff80140080043cde
:10c2e400080c848c2b208300efff80540080023cd8
:10c2f400f0ff0010040c03ae2b2043000500801453
:10c304000080043c0c0c848c2b206400e9ff8050da
:10c31400040c03ae0080023ce4ff0010160003246a
:020000040000fa
:020000041d00dd
:10c32400e8ffbd271400bfaf88bf023c6000428c09
:10c334007f0042300300432c0800601081bf033c9f
:10c344001600401488bf043c4001838c8410037c95
:10c35400400183ac608080af81bf033c8000042433
:10c36400940064acc01802000080043c300c8424a7
:10c374000a18837c06006010c0100200211082009d
:10c384000400448c0000428c09f8400000000000c6
:10c394001400bf8f0800e0031800bd2740180200f6
:10c3a4002118620000190300d0ff632488bf043cf5
:10c3b40070018424211883000000648c8410047ca0
:0cc3c400000064ace3ff0010000000006b
:020000040000fa
:020000041d00dd
:10c3d0000039827c009d033c7801632421104300d6
:10c3e0000000439001004a902b386a002100e010c1
:10c3f0002510000025486000403803002138e30084
:10c40000804007000080073c580ce7240a38e87c8d
:10c410000b008714010063240080023c580c442464
:10c4200040100900211849008018030021188300da
:10c43000040065ac080066ac0800e00301000224bb
:10c44000ff0063302b506a000a00401125100000e5
:10c4500025486000403803002118e30080380300bd
:10c460000080033c580c63240a18677cebff835060
:0cc470000080023c0800e0030000000017
:020000040000fa
:020000041d00dd
:10c47c00e8ffbd271000b0af1400bfaf113b400f59
:10c48c00258080000000048e0400078ed4bc033c81
:10c49c0000d56334b1b8083c21188300bcaa083518
:10c4ac002b2064002138e80021208700252840003b
:10c4bc00d0ff0626040080140000428c0200632c7e
:10c4cc0009006054e4ff048e030040500000a6ac49
:10c4dc00643a400f000000001400bf8f1000b08fb2
:10c4ec000800e0031800bd27030081040100832429
:10c4fc000100032423186400e4ff03ae0400a38ca2
:10c50c00ffff6324030046100400a3ace0ff02ae5f
:0cc51c000000a6acf0ff0010f8ff028e3b
:020000040000fa
:020000041d00dd
:10c52800c8ffbd273400bfaf1000a0af1400a0aff4
:10c538001800a0af1c00a0af2000a0af2400a0af3f
:10c548002800a0af9f2c400f2c00a0af083b400f45
:10c558000000000021000046000006440000674477
:10c56800019d053c3ceba5244239400f1000a4274f
:10c57800a038400f1000a427252840000000400fd5
:10c588001000a4270b3b400f0000000021000046cc
:10c598000000064400006744019d053c44eba524c7
:10c5a8004239400f1000a427a038400f1000a427dc
:10c5b800252840000000400f1000a4273400bf8f3a
:08c5c8000800e0033800bd2764
:020000040000fa
:020000041d00dd
:10c5d000ff000324240083100000000025108000c9
:10c5e000e8ffbd2770004230200003241400bfafd5
:10c5f000140043102520a0002100432c07006010e8
:10c60000400003241a004010100003240f004310c0
:10c6100025100000df3a400f000000000e0043101c
:10c62000500003241200431030000324f9ff431488
:10c6300000000000e115400f0000000004000010a1
:10c640001400bf8fe315400f000000001400bf8fdf
:10c650000800e0031800bd27dd15400f00000000b2
:10c66000fbff00101400bf8f0800e003251000003e
:08c67000f6ff00102510000088
:020000040000fa
:020000041d00dd
:10c67800009d023cb0ffbd27900242242800a2afd3
:10c688000080023c240042242c00a2af019d023c01
:10c69800d8c642245000a4af1000a4273400a2af8b
:10c6a8004c00bfaf4800beaf3000a4afaf15400f7d
:10c6b8003800bdaf010002241400a2af5000a28fc1
:10c6c80009f8400000000000df3a400f00000000b9
:10c6d8001800a28f4400a2af1400a28f08004010d7
:10c6e8000000000001004e044530400f1400a0afc8
:10c6f8004400a48fffff02242a16400f1400a2afa3
:10c708001f31400f4400a48f02000224df3a400f7b
:04c718001400a2afb8
:020000040000fa
:020000041d00dd
:10c71c00756c033cc8ffbd27286e63241800a3afbb
:10c72c006c2903242800b2af2000b0af3400bfaf97
:10c73c003000b4af2c00b3af2400b1af2590800013
:10c74c002510e0001c00a3a71e00a0a30200c0102f
:10c75c001800b0272580c0000400b18c0800b38cf1
:10c76c00030040140000b48ca038400f25200002b8
:10c77c00020020062b1822020b1023021000b4af6b
:10c78c002538600225280002252040025f2c400f2e
:10c79c00253040003400bf8f3000b48f2c00b38f95
:10c7ac002800b28f2400b18f2000b08f0800e00366
:04c7bc003800bd275d
:020000040000fa
:020000041d00dd
:10c7c00081bf023c00100324080043ac81bf023c3f
:10c7d00004000324580143ac81bf023c000403243d
:10c7e000680143ac81bf023c1400033cd80143ac58
:10c7f0000017033cd80143ac81bf023c1600032460
:10c80000e80143ac81bf023c001b033cf80143ac90
:10c8100081bf023c0c00033cb80243ac81bf023c28
:10c820000004033cd80343ac81bf023c0008033c36
:10c83000f80343ac81bf033c5476023c10324224df
:10c84000100062ac5476023c103242241000648c1a
:10c85000feff8214000000000800e003000000005a
:020000040000fa
:020000041d00dd
:10c86000e8ffbd271400bfaf00606241c0000000b8
:10c87000ed2f400f00000000008002400300423412
:10c8800000808240c000000080bf023c0008438c52
:10c89000020004240418837c000843ac0008438c85
:10c8a000010004240429837c000843ac1028400fb5
:10c8b00000000000ab23400f00000000352e400fa9
:10c8c000000000004e2a400f00000000c737400f54
:10c8d000000000008737400f00000000e624400ff2
:10c8e00000000000f031400f0000000020606241b5
:0cc8f0001400bf8f0800e0031800bd27f3
:020000040000fa
:020000041d00dd
:10c8fc00d8ffbd271800b2af4000a28f3800b28f0e
:10c90c002000b4af1c00b3af1400b1af1000b0af37
:10c91c002400bfaf2588c00025a0e0004400b08fe4
:10c92c00110042160400938c3c00a28f252060025b
:10c93c00b737400f0400458c0c0040500400858e26
:10c94c00080011ae2400bf8f251000002000b48f0a
:10c95c001c00b38f1800b28f1400b18f1000b08f71
:10c96c000800e0032800bd270400858eb737400f70
:10c97c0025206002f3ff401001000224000012aedb
:0cc98c00040011aeefff00100c0002ae22
:020000040000fa
:020000041d00dd
:10c99800e0ffbd271c00bfaf14008390ff000224f6
:10c9a8001200621007006230020006241000465090
:10c9b800020002240300462c0500c0500300062490
:10c9c8000b00401004000224df3a400f0000000072
:10c9d800070046500400022404000624faff461407
:10c9e80008000224030000100240a2702510000075
:10c9f8000240a2700c00868c0800858c1000a727c6
:10ca0800252060009e2a400f2330c8001c00bf8fdd
:10ca18001000a28f0800e0032000bd27f4ff0010db
:04ca280004000224e0
:020000040000fa
:020000041d00dd
:10ca2c0080ffbd277800b2af7400b1af7000b0af1b
:10ca3c002588a000258080002590c00025280000b6
:10ca4c00600006247c00bfaf2e39400f1000a427d5
:10ca5c00ffff0224252800001000a4271800b0af07
:10ca6c004c00b0afd938400f5000a2af01000624e3
:10ca7c0025284002610a400f1000a427070020124d
:10ca8c005000a38f4c00a28f231043006400a38f8f
:10ca9c002110430021800202000030ae7c00bf8fc9
:10caac007800b28f7400b18f7000b08f0800e00373
:04cabc008000bd2712
:020000040000fa
:020000041d00dd
:10cac000e8ffbd271000b0af1400bfaf4800828060
:10cad000ffff432425104300480082a01800838ce8
:10cae0001400828c2b10620005004010258080000d
:10caf0002c00828c2530000009f840002528000019
:10cb00000400028e280000ae180000ae0200433080
:10cb100008006010140000ae10004234040002aea1
:10cb2000ffff02241400bf8f1000b08f0800e00345
:10cb30001800bd270800038e0c00048ec000427c44
:10cb40002310020021186400400003aef5ff00101e
:04cb50003c0003aef4
:020000040000fa
:020000041d00dd
:10cb540088bf023c2070438c010004240463837c5e
:10cb6400207043ac251840002070628c8002427c07
:10cb7400fdff401088bf023c4073438c0100042435
:10cb84000400837c407343ac4073438c8410837ce7
:10cb9400407343ac88bf023c5073438c05000424ab
:10cba4000448837c507343ac88bf023c7073438c4d
:10cbb4000448837c707343ac88bf033c0200023c8e
:10cbc40002004224007262ac88bf023c2070438c95
:10cbd4000463037c207043ac0800e0030000000001
:020000040000fa
:020000041d00dd
:10cbe400080084240800822c0080033c08000524eb
:10cbf400480c6324f8ffbd270b20a20007008424ff
:10cc04000000a3af0400628c0080033c0410047c89
:10cc14004c0c63240e004010000000000000458c02
:10cc24002b38a4000c00e0100400468c04004324bc
:10cc3400f8ff00102510c0000400e6ac0000628c70
:10cc44000000e5ac000044ac000067ac08004224de
:10cc54000800e0030800bd272328a4000800a72c2f
:10cc6400f5ffe01021384400f8ff0010000066ac26
:020000040000fa
:020000041d00dd
:10cc740088bf023c2070438c010004240463837c3d
:10cc8400207043ac251840002070628c8002427ce6
:10cc9400fdff401088bf023c5073438c32000424d3
:10cca4000448837c507343ac88bf023c7073438c4c
:10ccb4000448837c707343ac88bf023c4073438c4c
:10ccc4000400037c407343ac4073438c8410037ca6
:10ccd400407343ac88bf033c0c00023c0c0042246c
:10cce400007262ac88bf023c2070438c0463037cf6
:0cccf400207043ac0800e00300000000ca
:020000040000fa
:020000041d00dd
:10cd00000c00a7af0c00a38f0800a6af2510800071
:10cd100002450300ff0705310e00a0140800a48f90
:10cd2000019d033c00088644c0e660d40008e74447
:10cd3000000805240208204600000644000067445d
:10cd40002520c0000055e67c0200c0102518e00038
:10cd5000c1ffc524c2370400401803002518c300d2
:10cd600040200400000044ac00a0637c2000043c90
:10cd700025188300ccfba52400080831040043ac2f
:0ccd8000080045ac0800e0030c0048acc3
:020000040000fa
:020000041d00dd
:10cd8c000004c2281300401402fcc328019d023c7d
:10cd9c00e0eb40d401fcc2240004432806006014dc
:10cdac00026320460263204602f8c2240004442891
:10cdbc00ff0303240a10640025200000ff03422413
:10cdcc0000008444002d02000000e5440800e0034c
:10cddc0002602046f8ff60102510c000019d033c46
:10cdec00e8eb60d4c903c22402fc4328f2ff6010b4
:10cdfc00026320469207c22402fc442802fc03244e
:0cce0c0002632046ecff00100b106400d5
:020000040000fa
:020000041d00dd
:10ce1800d8ffbd272400bfaf7e39400f020004248d
:10ce28007e39400f040004247e39400f0500042495
:10ce380083bf023cd0a2438c8439037cd0a243ac8c
:10ce480083bf023cd0a4438c8439037cd0a443ac78
:10ce580083bf023cd0a5438c8439037cd0a543ac66
:10ce6800019d023cf0eb448cf0eb42240400438c1f
:10ce78001000a4af1400a3af080042941800a2a7a2
:10ce88000a0005240000400f1000a4272400bf8fcb
:08ce98000800e0032800bd279b
:020000040000fa
:020000041d00dd
:10cea000d8ffbd271800b0af0c00908c27380700c2
:10ceb0002000b2af1c00b1af2400bfaf25888000b6
:10cec0002590a0003000a6af218007021000a52702
:10ced0006338400f252000021000a58f0f00a0101e
:10cee000258040006632400f25202002252040008a
:10cef0003000a627c933400f25284002f4ff4050d8
:10cf00001000a5272400bf8f2000b28f1c00b18f16
:10cf10001800b08f0800e0032800bd27f9ff0010bb
:04cf200025100000d8
:020000040000fa
:020000041d00dd
:10cf24000000c28cd8ffbd272000b1af1000a2af13
:10cf34000000a28c1c00b0af2c00a5af0800428cee
:10cf44002400bfaf258880002520a00009f84000f8
:10cf54002580c000040040102c00a58f1000a28f73
:10cf64000000428c1000a2af0000228e01000724b2
:10cf74001000a6271000428c09f84000252020024a
:10cf8400020040101000a38f000003ae2400bf8fe6
:10cf94002000b18f1c00b08f0800e0032800bd27db
:020000040000fa
:020000041d00dd
:10cfa400e8ffbd271000b0af1400bfaf020080142b
:10cfb40025808000010010247130400f25200002dc
:10cfc400140040141400bf8fbd3a400f000000004d
:10cfd4000c00401400000000e935400f0400042454
:10cfe400009d033c70086324019d063c009d053ca4
:10cff400000043ac40e4c6245c08a524d235400fad
:10d004002520400009f8400000000000eaff00105d
:10d01400000000001000b08f0800e0031800bd27d6
:020000040000fa
:020000041d00dd
:10d02400d8ffbd271800b0af3800b08f2000b2afd2
:10d034001c00b1af2400bfaf258880000a0006168b
:10d044002590a0000400e58c0400848c3000a6af79
:10d05400a737400f3400a7af060003243400a78f7e
:10d06400080040143000a68f0800248e0000828c33
:10d074001000b0af2000428c09f84000252840027f
:10d08400251840002400bf8f251060002000b28fb7
:10d094001c00b18f1800b08f0800e0032800bd27e2
:020000040000fa
:020000041d00dd
:10d0a4000800e003000000002518e003009d043c94
:10d0b400f059842416008010000000000000858cc4
:10d0c4001300a010040084240000868c040084242f
:10d0d40000008b8404008424019d0c3c08eb8c2507
:10d0e40080580b0021606c0100008c8d09f88001d0
:10d0f400000000002520400003008424fcff0624d7
:10d104002420c4000000858cecffa0140000000063
:0cd1140025f860000800e00300000000a7
:020000040000fa
:020000041d00dd
:10d1200020000524000082800d004510f7ff4324f5
:10d130000500632c0a0060142b0003240a0043102e
:10d140002d000324030043142528000001000524ba
:10d150000100842425100000070000100a000724a5
:10d16000f0ff001001008424f9ff001025280000c2
:10d17000010084242310430000008380d0ff632437
:10d180000a00662cfaffc054021047700100a0503c
:0cd19000231002000800e0030000000073
:020000040000fa
:020000041d00dd
:10d19c0086bf033cb003658cb00360ac81bf023c1e
:10d1ac0000800334540043ac0080033c580c648c66
:10d1bc00580c63240400628c100040100f00833064
:10d1cc000100022404106200241045000b004010e2
:10d1dc000080023ce8ffbd271400bfaf580c42246e
:10d1ec000800458c0400428c09f840000000000047
:10d1fc001400bf8f0800e0031800bd270800e003ef
:04d20c00000000001e
:020000040000fa
:020000041d00dd
:10019000170080100080073c740ce28cf0ff86246e
:1001a000150040102540e000f0ff838c0000458cd6
:1001b00021488300070049141000a5241000428c38
:1001c00021186500f0ff83ac000082ac0800e0035a
:1001d000740ce6ac213845000300c71421186500f3
:1001e0000800e003000043ac000082ac740c06add4
:1001f0000800e00300000000fcff0010000080acdd
:020000040000fa
:020000041d00dd
:10d210001800a01000000000e8ffbd271400bfaff9
:10d220001000b0afa43a400f2580a00083bf023c9d
:10d23000d0a2438c8439037cd0a243ac83bf023c90
:10d24000d0a4438c8439037cd0a443ac83bf023c7c
:10d25000d0a5438c8439037cd0a543ac01000224c3
:10d26000000002a21400bf8f1000b08f0800e0037e
:0cd270001800bd270800e00300000000cb
:020000040000fa
:020000041d00dd
:10d27c00e8ffbd270200842c1400bfaf030080140c
:10d28c001000b0af9e31400fdcffa48c0f000000eb
:10d29c00c8ffa2c0ffff4124c8ffa1e0fcff201083
:10d2ac00ffff42240f000000090040141400bf8f40
:10d2bc00d4ffa28c030040101800b02409f84000e1
:10d2cc00252000022d36400f252000021400bf8fb0
:0cd2dc001000b08f0800e0031800bd2710
:020000040000fa
:020000041d00dd
:10d2e800e0ffbd271800b2af1000b0af2590800056
:10d2f8002580a0000400848c0400a58c1400b1af24
:10d308001c00bfaf2800a6afb737400f2588e00044
:10d31800080040140400312e060020122800a68fb1
:10d328000000028e252840021400428c09f84000b3
:10d33800252000021c00bf8f1800b28f1400b18f87
:0cd348001000b08f0800e0032000bd279b
:020000040000fa
:020000041d00dd
:10d35400200003240b20a5000b180500022c040058
:10d364000400a01402120500100063342528800074
:10d374000212050004004014022102000800633474
:10d384002510a00002210200040080548210040031
:10d39400040063342520400082100400040040543b
:10d3a4004210020002006334251080004210020083
:0cd3b400010042380800e003251043008f
:020000040000fa
:020000041d00dd
:10d3c000e8ffbd271400bfaf88bf043c7000828c0b
:10d3d000ffff033cff4f632424104300700082ac26
:10d3e00081bf023c80000324940043ac88bf023c10
:10d3f000d000428c3f00033c24104300608082af89
:10d400005880828f05004010588082270400448c89
:10d410000000428c09f84000000000001400bf8f9b
:08d420000800e0031800bd271d
:020000040000fa
:020000041d00dd
:10d42800e8ffbd271400bfaf88bf023c7000428ce4
:10d4380000b042300400401088bf023cf034400f76
:10d448000000000088bf023c7000428c020042309d
:10d458000400401088bf023ca21a400f00000000e0
:10d4680088bf023c7000428c01004230040040102a
:10d478001400bf8fc930400f000000001400bf8f98
:08d488000800e0031800bd27b5
:020000040000fa
:020000041d00dd
:10d49000d8ffbd272000b3af1c00b2af1800b1af5a
:10d4a0001400b0af2400bfaf259880002580a000f5
:10d4b0002588c000c036400f2590e00007004014ca
:10d4c000253840020800648e253020020000828c3e
:10d4d0001800428c09f84000252800022400bf8f64
:10d4e0002000b38f1c00b28f1800b18f1400b08fd2
:08d4f0000800e0032800bd273d
:020000040000fa
:020000041d00dd
:10d4f800d8ffbd27100002241800a2af0000828cbc
:10d508002000b0af2580c0001800428c0000c68cf7
:10d518002400bfaf1000a0af1400a0af1c00a0af44
:10d5280009f840001000a7271400a38f0600042460
:10d538000600633004006414251000001000a28f58
:10d54800000002ae010002242400bf8f2000b08f2b
:08d558000800e0032800bd27d4
:020000040000fa
:020000041d00dd
:10d56000b0ffbd274c00bfaf4800b0af25808000a2
:10d57000009d023c900242242800a2af0080023ca1
:10d58000100042242c00a2afaf15400f1000a427ba
:10d59000403a400f1400a0af1d33400f2520000279
:10d5a000252800009a3a400f25200000b415400fae
:10d5b0001000a4274c00bf8f4800b08f0800e00384
:04d5c0005000bd2733
:020000040000fa
:020000041d00dd
:10d5c400e8ffbd27b0ff80acb8ff85acbcff86acdc
:10d5d4001400bfaf1000b0afb83a400f25808000f0
:10d5e400b33a400fc0ff02aec4ff02ae2b43023c6d
:10d5f400002b42341400bf8fe8ff02ae4e47033cb9
:10d60400019d023c7cd2422443556334f0ff02aeb8
:10d61400ecff03aeb0ff02261000b08f0800e00359
:04d624001800bd2706
:020000040000fa
:020000041d00dd
:10d62800e8ffbd271400bfaf130080101000b0af93
:10d638001f31400f258080000000038e0400048ef7
:10d64800d4bc023c00d54234b1b8053c211062007c
:10d65800bcaaa5342b18430021208500211864009a
:10d66800050060140200422c030040100000000076
:10d678009e31400fdcff048e643a400f000000002a
:020000040000fa
:020000041d00dd
:10d68800ffffffffffffef7f00000000000010001a
:10d698000000000065cdcd41000000000000f03f13
:10d6a800000000000000d03f000000000000e83f3c
:10d6b800000000000000e03f0000000000004043c0
:10d6c800000000000000f0fffffffffffffff77ff3
:10d6d800000000000000f07f000000000000b03fe4
:020000040000fa
:020000041d00dd
:10d6e8001000828ce0ffbd271800b1af2b88c20064
:10d6f8000a3051001c00bfaf0c00c0101400b0afbe
:10d70800258080001400848cb838400f2588c0001c
:10d718001400028e1000068e211051002388d100bb
:10d72800140002ae100011ae000040a01c00bf8f14
:10d738001800b18f1400b08f0800e0032000bd2747
:020000040000fa
:020000041d00dd
:10d74800e8ffbd271400bfaf1000b0af1800a4afaa
:10d758001c00a5af113b400f2000a6af0400438c6e
:10d768002000a68f1c00a58f1800a48f0100632439
:10d778007135400f040043ac3800502401000324e5
:10d78800000043ace515400f252000021f31400f73
:0cd7980025200002643a400f0000000051
:020000040000fa
:020000041d00dd
:10d7a400e8ffbd271000b0af500090241400bfafb5
:10d7b4007130400f25200002070040142518400056
:10d7c400f932400f252000020300401425184000c0
:10d7d400643a400f00000000500006242528000091
:10d7e4002e39400f252060001400bf8f50004224c2
:0cd7f4001000b08f0800e0031800bd27f3
:020000040000fa
:020000041d00dd
:10d80000e0ffbd271400b0af0080103c1800b1af9e
:10d81000480c102620091124200904241c00bfaf45
:10d820007130400f0c0011ae08004014080002ae29
:10d830000c0000ae040000ae1c00bf8f1800b18fba
:10d840001400b08f0800e0032000bd27040002aee2
:0cd85000000051acf8ff0010040040acd8
:020000040000fa
:020000041d00dd
:10d85c00e8ffbd271400bfaf1000b0af25808000db
:10d86c002520a00070170224080002ae0c0002aea6
:10d87c00040000ae000000a2463a400f2528c0006c
:10d88c00d839400f0000000025280002019d043cff
:10d89c009a3a400f10d284241400bf8f1000b08f1e
:08d8ac000800e0031800bd278d
:020000040000fa
:020000041d00dd
:10d8b4000080033c480c63240800628cb0ff84247d
:10d8c400e8ffbd272b2844000b00a0101400bfafb5
:10d8d4000c00638c211043002b10820006004010c2
:10d8e400000000006a2e400f000000001400bf8feb
:10d8f4000800e0031800bd276400400f000000008a
:08d90400fbff00101400bf8faf
:020000040000fa
:020000041d00dd
:10d90c00019d063c2510000008eac62440180200c0
:10d91c0021186600000067800300e0540000858c2d
:10d92c000800e00301006290010042240000a8807e
:10d93c0004000715ff004230010062900100a5248d
:10d94c00000085ac0b00432cf1ff60144018020062
:08d95c000800e00300000000d8
:020000040000fa
:020000041d00dd
:10d96400009d043ce8ffbd27880784240300801041
:10d974001400bfaf09f880000000000000008430ec
:10d984000000a530019d083cb8e0082509f8000115
:10d99400000000000000023c00004224030040108c
:10d9a4000000000009f8400000000000f9ff00102a
:04d9b400000000006f
:020000040000fa
:020000041d00dd
:10d9b800e0ffbd271800b0af1c00bfafb032400f6a
:10d9c80025808000060040504400028effff02249c
:10d9d8001c00bf8f1800b08f0800e0032000bd278f
:10d9e800010006241000a52709f8400025200002a0
:10d9f80001000324f5ff43141000a293f5ff001063
:04da08001c00bf8fb0
:020000040000fa
:020000041d00dd
:10da0c000000a04133335340d7b35d3fec05513f89
:10da1c0071e6133f0000003f6f12033a00007a4496
:10da2c00d7b35dbf0000004f0000c8420000c8c261
:10da3c000060ea46000070410000f04165cf0b38f1
:10da4c000000803f0050434700409c45db0f49409d
:020000040000fa
:020000041d00dd
:10da60009a9999999999a93f666666666666ee3fa6
:10da7000000000000000e03f00000080bd20ea3f01
:10da8000666666666666e63f333333333333d33fc9
:10da9000fca9f1d24d62503f000000a0ec79013f9b
:10daa000182d4454fb21f93f182d4454fb211940f3
:020000040000fa
:020000041d00dd
:10dab00025108000251800002530000001004224b8
:10dac000ffff47907f00e4300420c4002518640065
:10dad0002024077cf9ff80040700c6242000c42c02
:10dae000050080104000e7300300e010ffff042431
:10daf0000430c400251866000800e0030000a3ac51
:020000040000fa
:020000041d00dd
:10db00000400a58c0400848ce0ffbd271800b1af91
:10db10001400b0af1c00bfaf2588c000b737400f5e
:10db20002580e00005004010080003240c0003ae2f
:10db300006000324000011ae040003ae1c00bf8fda
:10db40001800b18f1400b08f0800e0032000bd273b
:020000040000fa
:020000041d00dd
:10db500002632c46019d023c80e542d4019d023cbb
:10db600088e540d4019d023c2160024c02612c46b4
:10db700090e542d4019d023ca120024c98e540d49e
:10db8000019d023ca0e546d42960c04c02632446b6
:0cdb900021004c4c0800e003200020465f
:020000040000fa
:020000041d00dd
:10db9c00e8ffbd271400bfaf81bf023c0040033c2f
:10dbac00640043ac88bf023c8072448c002a847ca5
:10dbbc004880828f05004010488082270000438ceb
:10dbcc000400458c09f86000000000001400bf8fb1
:08dbdc000800e0031800bd275a
:020000040000fa
:020000041d00dd
:10dbe400e8ffbd271400bfaf81bf023c4000448c56
:10dbf4004002847c81bf023c00020324440043ac05
:10dc04006480828f05004010648082270400458c64
:10dc14000000428c09f84000000000001400bf8f8f
:08dc24000800e0031800bd2711
:020000040000fa
:020000041d00dd
:10dc2c00e8ffbd271400bfaf81bf023c4000448c0d
:10dc3c000001847c81bf023c10000324440043acef
:10dc4c006c80828f050040106c8082270400458c0c
:10dc5c000000428c09f84000000000001400bf8f47
:08dc6c000800e0031800bd27c9
:020000040000fa
:020000041d00dd
:10dc74000f00c01025100000ffffc6242518000067
:10dc840021108300000042902138a30007004010b7
:10dc94000000e7900600e050231047000400c35042
:10dca40023104700f6ff47100100632423104700a8
:08dcb4000800e003000000007d
:020000040000fa
:020000041d00dd
:10dcbc008000a3280e006014251000008200a32809
:10dccc0003006014830003240900a3140000000067
:10dcdc000000c28c070042240410027c080043247c
:10dcec000000c3ac000040d401000224000080f40a
:08dcfc000800e0030000000035
:020000040000fa
:020000041d00dd
:10dd040082602c46019d023c20e740d4019d023ce8
:10dd140028e748d4019d023c30e74ad4019d023ce7
:10dd24002910004d38e748d4826122460211224668
:10dd3400a9100a4d02212646a110864d2120404cef
:08dd44000800e0032000204666
:020000040000fa
:020000041d00dd
:10dd4c00e0ffbd271400b0af009d103c1800b1af30
:10dd5c001c00bfafd0071026ffff11240000028e5d
:10dd6c00050051141c00bf8f1800b18f1400b08f28
:10dd7c000800e0032000bd2709f84000fcff102636
:10dd8c00f7ff00100000028e00606041c000000030
:10dd9c0099aa033c80bf023c55666324300040ac1a
:10ddac00300043ac6655033caa996334300043ac55
:10ddbc0080bf023c01000324581243ac80bf023cdc
:0cddcc005012428c6737400b0000000032
:020000040000fa
:020000041d00dd
:10ddd8000080023c040c438ce8ffbd271000b0af64
:10dde8001400bfaf03006014258040006727400f70
:10ddf800000000000080023c080c438c1400bf8f18
:10de0800040c028e1000b08f1800bd270800e00334
:04de18002310620071
:020000040000fa
:020000041d00dd
:10de1c0082bf023c00800334040043ac82bf023c4e
:10de2c0030210324080043ac82bf023c100040acfc
:10de3c0082bf023cc52d0324200043ac81bf023cb1
:10de4c0010000324c80043ac0800e00300000000ed
:020000040000fa
:020000041d00dd
:10de5c00e8ffbd271400bfaf019d023c80ec40c41d
:10de6c000008854402080046019d023c84ec41c434
:10de7c00001086444210014603000146403a400f10
:10de8c00040080e41400bf8f0800e0031800bd27d5
:020000040000fa
:020000041d00dd
:10de9c000d00851001000224000086802a00032456
:10deac000900c31025100000e8ffbd271400bfaf08
:10debc00c338400f000000001400bf8f0100422c3b
:10decc000800e0031800bd270800e0030000000074
:10dedc000d00851001000224000086802a00032416
:10deec000900c31025100000e8ffbd271400bfafc8
:10defc00c338400f000000001400bf8f0100422cfb
:10df0c000800e0031800bd270800e0030000000033
:020000040000fa
:020000041d00dd
:10df1c0082bf023c00800334040243ac82bf023c4b
:10df2c00080240ac82bf023c100240ac82bf023cf3
:10df3c004f460324200243ac81bf023c0002032461
:0cdf4c00c80043ac0800e0030000000027
:020000040000fa
:020000041d00dd
:10df58000000848c03008104251000000800e00301
:10df680000000000e8ffbd271400bfaf9d30400f40
:10df780000000000ffff03240100435025100000ab
:0cdf88001400bf8f0800e0031800bd2744
:020000040000fa
:020000041d00dd
:10df9400e0ffbd271800b0af1000a6af25808000b9
:10dfa4001c00bfafc213400f1000a6270400038e4d
:10dfb4001c00bf8fffff0424100063300b1083008c
:0cdfc4001800b08f0800e0032000bd270b
:020000040000fa
:020000041d00dd
:10dfd0000800c010251080002000032423186600cc
:10dfe0000600601c0620c500252000000610c500a4
:10dff000252880000800e0032518a0000610c200b4
:10e0000004286500faff0010251045000800c01024
:10e010002510800020000424232086000600805c58
:10e020000418c200251800000428c2002510600052
:10e030000800e0032518a0000428c500061082008f
:08e04000faff00102528a200e0
:020000040000fa
:020000041d00dd
:10e048000080033c7c0b63240c00628c0800648c09
:10e058002b188200030060140080033c0800e003d2
:10e06800231082007c0b63241800638c2118640041
:08e078000800e0032310620020
:020000040000fa
:020000041d00dd
:10e080000080033c7c0b63242400648c2800628c99
:10e090002b188200030060140080033c0800e0039a
:10e0a000231082007c0b63242c00638c21186400f5
:08e0b0000800e00323106200e8
:020000040000fa
:020000041d00dd
:10e0b800c8ffbd273400bfaf1832400f252000002d
:10e0c8005638400f1000a4274938400f1400a427e1
:10e0d800892b400f1c00a427c72d400f1c00a42724
:08e0e800ffff00100000000022
:020000040000fa
:020000041d00dd
:10e0f000e8ffbd271400bfaf1000b0af0080023ca6
:10e100007c0b42241800508c1238400fffff102661
:10e11000231002021400bf8f1000b08f0800e0032c
:04e120001800bd27ff
:020000040000fa
:020000041d00dd
:10e12400e8ffbd271400bfaf000080ac040080ac42
:10e1340025280000019d043cae3a400f28c58424e4
:10e14400a93a400f000000001400bf8f0800e0034c
:04e154001800bd27cb
:020000040000fa
:020000041d00dd
:10e15800e8ffbd271400bfaf25300000019d053c36
:10e1680018cea524f430400f3800042401000524fb
:10e178009e2e400f380004241400bf8f0800e003cf
:04e188001800bd2797
:020000040000fa
:020000041d00dd
:10e18c0025108000253000002520000001004224cd
:10e19c00ffff43907f0067300438c700201c037cce
:10e1ac0025208700f9ff60040700c6240800e0035f
:04e1bc000000a4ac0f
:020000040000fa
:020000041d00dd
:10e1c0002000822c0600405088bf023c88bf023ce1
:10e1d000c070428c061082000800e003010042304b
:10e1e000d070428c061082000800e003010042302b
:020000040000fa
:020000041d00dd
:10e1f000e8ffbd271000b0af1400bfaf1039400fcb
:10e200002580800025200002ed39400f0400052400
:10e210001400bf8f1000b08f0800e0031800bd2766
:020000040000fa
:020000041d00dd
:10e22000e8ffbd271000b0af1400bfaf1a39400f90
:10e230002580800025200002ed39400f0c000524c8
:10e240001400bf8f1000b08f0800e0031800bd2736
:020000040000fa
:020000041d00dd
:10e25000e8ffbd271000b0af1400bfaf2439400f56
:10e260002580800025200002ed39400f080005249c
:10e270001400bf8f1000b08f0800e0031800bd2706
:020000040000fa
:020000041d00dd
:10e28000000082800800401000000000251080007f
:10e290000100422400004380feff6054010042243c
:10e2a0000800e003231044000800e00325100000ec
:020000040000fa
:020000041d00dd
:10e2b000000000000000703e0000000000007041ff
:10e2c000000000000000c03f0000000000002040ef
:10e2d000000000000000e03f000000000000f03ff0
:020000040000fa
:020000041d00dd
:10e2e0000800c0102510800021308600251880000d
:10e2f0000100a524ffffa79001006324fcff661422
:0ce30000ffff67a00800e0030000000021
:020000040000fa
:020000041d00dd
:10e30c00000082800000a38003004314ff006330f0
:10e31c000400405401008424ff0042300800e00354
:0ce32c0023104300f6ff00100100a524a0
:020000040000fa
:020000041d00dd
:10e338006bffcefbcefb0000183535000a0000004d
:10e3480064000000e803000010270000a086010018
:0ce3580040420f008096980000e1f5059f
:020000040000fa
:020000041d00dd
:10e364004000838c3c00868c500085ac23106600f2
:10e374000400a010540082ac2a10a20001004054f2
:0ce384002118c5000800e0034c0083ac29
:020000040000fa
:020000041d00dd
:10e39000db0f4940db0f49c0db0fc93f00000080a5
:10e3a000db0fc9bfdb0f493fdb0f49bf0000404017
:10e3b0000000803e000040c02ebdbb33da0fc93fd5
:10e3c000000080030000803f000000400000c03fcc
:10e3d000000080bf25ac7c3d0df5113ea9aaaa3ee8
:08e3e0004712dabd98ca4c3e59
:020000040000fa
:020000041d00dd
:10e3e80000600244007069440060634425304000c6
:10e3f8002520200100f0657c04f0047c00008644a0
:0ce408002518a4000800e0030000e34415
:020000040000fa
:020000041d00dd
:10e414000080043cec0b822401000324080043ac7c
:10e424000080033c800c6324ec0b83ac0000033cb1
:0ce43400000263240800e003040043ac75
:020000040000fa
:020000041d00dd
:10e44000009d023c70084224e8ffbd27000082ac1a
:10e450001400bfaf223b400f000000001400bf8f2c
:08e460000800e0031800bd27cd
:020000040000fa
:020000041d00dd
:10e46800009d023cb8084224e8ffbd27000082acaa
:10e478001400bfaf2439400f000000001400bf8f04
:08e488000800e0031800bd27a5
:020000040000fa
:020000041d00dd
:10e49000009d023c2c094224e8ffbd27000082ac0d
:10e4a0001400bfaf243b400f000000001400bf8fda
:08e4b0000800e0031800bd277d
:020000040000fa
:020000041d00dd
:10e4b8000700c01025108000202c057c2130860024
:10e4c8002518800001006324feff6614ffff65a085
:08e4d8000800e0030000000051
:020000040000fa
:020000041d00dd
:10e4e0000080033c740c668c0500c01425100000ed
:10e4f000740c64ac100080ac000085ac01000224f8
:08e500000800e0030000000028
:020000040000fa
:020000041d00dd
:10e50800e0ffbd272800a6af2800a6271c00bfaf44
:10e518002c00a7af4c39400f1000a6af1c00bf8fce
:08e528000800e0032000bd27fc
:020000040000fa
:020000041d00dd
:10e530002538c0002530a000ff7f053ce8ffbd273f
:10e540001400bfaf342f400fffffa5341400bf8f5e
:08e550000800e0031800bd27dc
:020000040000fa
:020000041d00dd
:10e55800000000000000f03f000000000000e03f65
:10e568000000000000005043000000000000b03f21
:10e578000000000000002040815e0cfdffffdfbfaf
:10e58800000000000000f03f423a05e15355a53f66
:10e598006950eee04293f93e271e0fe887c0563fc8
:020000040000fa
:020000041d00dd
:10e5a800e8ffbd271000b0af1400bfaf7439400fab
:10e5b800258080001400bf8f251000021000b08f46
:08e5c8000800e0031800bd2764
:020000040000fa
:020000041d00dd
:10e5d00002000010251080002510c0000100a524b5
:10e5e000ffffa38001004624fbff6014ffffc3a0d0
:08e5f0000800e0030000000038
:020000040000fa
:020000041d00dd
:10e5f8000012040083bf043cd0a0842421208200a0
:10e608000000828c00034234000082ac0800e00362
:04e6180000000000fe
:020000040000fa
:020000041d00dd
:10e61c000012040083bf043cd0a08424212082007b
:10e62c000000828c044a027c000082ac0800e003eb
:04e63c0000000000da
:020000040000fa
:020000041d00dd
:10e64000c02004000080023cbc0b42242120820038
:10e65000000085ac040086ac0800e0030000000068
:020000040000fa
:020000041d00dd
:10e66000000000000000f03f000000000000244017
:10e6700000000000000050430000000000001440b3
:020000040000fa
:020000041d00dd
:10e680006937ac3168212233b40f14336821a233c7
:10e690003863ed3eda0f493f5e987b3fda0fc93fa2
:020000040000fa
:020000041d00dd
:10e6a000182d4454fb210940182d4454fb21f93ff7
:10e6b000182d4454fb211940d221337f7cd91240bc
:10e6c000000000000000e043000000000000e0c384
:10e6d000000000f0ffff1f34000000000000f00702
:020000040000fa
:020000041d00dd
:10e6e000182d4454fb21f93f182d4454fb210940b7
:10e6f000d221337f7cd91240182d4454fb2119407c
:10e7000083c8c96d305fe43f00000000000038435b
:10e7100000000050fb21f93f63621a61b410513ec2
:020000040000fa
:020000041d00dd
:10e72000a7463b8c87cdc63e74e7cae2f9002a3f74
:10e73000b2fb6e891011813f77accb545555c53f64
:020000040000fa
:020000041d00dd
:10e7400000008c90ffffc624010084240000aca0d0
:10e75000fbffc0140100a5240800e0032510800081
:020000040000fa
:020000041d00dd
:10e7600088bf023c8072438c01000424c439837c3e
:0ce77000807243ac0800e00300000000d1
:020000040000fa
:020000041d00dd
:10e77c0083bf023c00a0439401000424c47b837c2f
:0ce78c0000a043a40800e003000000000f
:020000040000fa
:020000041d00dd
:10e798000022040083bf023ce0a042242110440070
:0ce7a800000045ac0800e0030000000089
:020000040000fa
:020000041d00dd
:10e7b400e8ffbd271400bfaff439400f000000008c
:0ce7c4001400bf8f0800e0031800bd2700
:020000040000fa
:020000041d00dd
:10e7d000e8ffbd271400bfaf6400400f0000000039
:0ce7e0001400bf8f0800e0031800bd27e4
:020000040000fa
:020000041d00dd
:10e7ec00e8ffbd271400bfaf023a400f25280000f8
:0ce7fc001400bf8f0800e0031800bd27c8
:020000040000fa
:020000041d00dd
:10e80800e8ffbd271400bfaf8b32400f010006247c
:0ce818001400bf8f0800e0031800bd27ab
:020000040000fa
:020000041d00dd
:10e82400bfff83241a00632c0200601025108000af
:0ce83400200082340800e0030000000017
:020000040000fa
:020000041d00dd
:10e840009fff83241a00632c0200601025108000b3
:0ce850005f0082300800e00300000000c0
:020000040000fa
:020000041d00dd
:10e85c00e8ffbd271400bfaffa38400f00000000de
:0ce86c001400bf8f0800e0031800bd2757
:020000040000fa
:020000041d00dd
:10e87800e8ffbd271400bfaf8e3a400f000000002c
:0ce888001400bf8f0800e0031800bd273b
:020000040000fa
:020000041d00dd
:10e89400e8ffbd271400bfaf0d1c400f00000000af
:0ce8a4001400bf8f0800e0031800bd271f
:020000040000fa
:020000041d00dd
:10e8b000e8ffbd271400bfaf6333400f0000000026
:0ce8c0001400bf8f0800e0031800bd2703
:020000040000fa
:020000041d00dd
:10e8d0000000200201020006000000000b080000fa
:08e8e00001000000000000002f
:020000040000fa
:020000041d00dd
:10e8e8000021040088bf023c007642240a10447cc0
:08e8f8000800e003ffff4230bd
:020000040000fa
:020000041d00dd
:10e9000088bf023c8072438cc439037c807243ac64
:08e910000800e0030000000014
:020000040000fa
:020000041d00dd
:10e9180088bf023cf0704324020065a4f07044a450
:08e928000800e00300000000fc
:020000040000fa
:020000041d00dd
:10e9300083bf023c00a04394c47b037c00a043a49b
:08e940000800e00300000000e4
:020000040000fa
:020000041d00dd
:10e94800f8ffbd270400bfaf006802400070024016
:08e95800ffff001000000000a9
:020000040000fa
:020000041d00dd
:10e96000f8ffbd270400bfaf0068024000700240fe
:08e97000ffff00100000000091
:020000040000fa
:020000041d00dd
:10e97800e4cb96407f926a40368d2740db0fc93f33
:08e98800884eb840920a063fd8
:020000040000fa
:020000041d00dd
:10e99000e8ffbd271400bfafb33a400f00000000ee
:08e9a0009e31400f25204000cc
:020000040000fa
:020000041d00dd
:10e9a800e8ffbd271400bfaf09f880000000000091
:08e9b800643a400f000000006a
:020000040000fa
:020000041d00dd
:10e9c000e8ffbd271400bfafb83a400f00000000b9
:08e9d0006a3a400f25204000c7
:020000040000fa
:020000041d00dd
:10e9d8001000a28f010003242630460006000224fe
:08e9e8000800e0030b106600bb
:020000040000fa
:020000041d00dd
:10e9f00000601a40bfff1b3cffff7b3724d05b0346
:08ea000000609a40180000427a
:020000040000fa
:020000041d00dd
:10ea080068076c094c836a9074a07ac00080688893
:08ea180000846c820081000003
:020000040000fa
:020000041d00dd
:10ea2000000000000000f0bf0000000000003043c4
:08ea3000000000000000f03faf
:020000040000fa
:020000041d00dd
:10ea380000600444006065440000844400f0a37c46
:08ea48000800e0030000e344b4
:020000040000fa
:020000041d00dd
:10ea5000ffffc6240000a0a0fdffc0140100a524f4
:08ea60000800e003251080000e
:020000040000fa
:020000041d00dd
:10ea680048808227000044ac040045ac0800e0035d
:04ea7800000000009a
:020000040000fa
:020000041d00dd
:10ea7c0082bf023c00800334080243ac0800e00370
:04ea8c000000000086
:020000040000fa
:020000041d00dd
:10ea900082bf023c00800334040243ac0800e00360
:04eaa0000000000072
:020000040000fa
:020000041d00dd
:10eaa40082bf023c00800334080043ac0800e0034a
:04eab400000000005e
:020000040000fa
:020000041d00dd
:10eab8006c808227000044ac040045ac0800e003e9
:04eac800000000004a
:020000040000fa
:020000041d00dd
:10eacc000080023cd401428c0f0000000800e003df
:04eadc000000000036
:020000040000fa
:020000041d00dd
:10eae0000080023cd801428c0f0000000800e003c7
:04eaf0000000000022
:020000040000fa
:020000041d00dd
:10eaf4000080023c6c0c428c0f0000000800e00314
:04eb0400000000000d
:020000040000fa
:020000041d00dd
:10eb080050ea009d40e7009da4d0009da4d0009d40
:04eb1800a4d0009de8
:020000040000fa
:020000041d00dd
:10eb1c000001020304050607080c101418203040ed
:020000040000fa
:020000041d00dd
:10eb2c0082bf023c1002428c0800e003ffff42301f
:020000040000fa
:020000041d00dd
:10eb3c006573743d25660a006f723d25660a0000f8
:020000040000fa
:020000041d00dd
:10eb4c0001000224798082a30800e0030000000089
:020000040000fa
:020000041d00dd
:10eb5c004950445f537461743d256c660a00000093
:020000040000fa
:020000041d00dd
:10eb6c007374643a3a6261645f616c6c6f63000049
:020000040000fa
:020000041d00dd
:10eb7c00e8ffbd271400bfafe33a400f7f00042429
:020000040000fa
:020000041d00dd
:10eb8c00e8ffbd271400bfaf303b400f0000000072
:020000040000fa
:020000041d00dd
:10eb9c00696e66696e697479000000006e616e00c2
:10ebac00494e4600696e66004e414e006e616e0025
:020000040000fa
:020000041d00dd
:10ebbc00494e4600696e66004e414e006e616e0015
:020000040000fa
:020000041d00dd
:10ebcc000060024400f0427c0800e0030000824434
:020000040000fa
:020000041d00dd
:10ebe000000000000000e07f000000000000600363
:020000040000fa
:020000041d00dd
:0cebf0004d445f4661756c740a00000c17
:020000040000fa
:020000041d00dd
:0cebfc00a28184a30800e00300000000d8
:020000040000fa
:020000041d00dd
:0cec080014808ce70800e003000000000e
:020000040000fa
:020000041d00dd
:0cec14000c808ce70800e003000000000a
:020000040000fa
:020000041d00dd
:0cec2000808080c70800e00300000000b6
:020000040000fa
:020000041d00dd
:0cec2c007c8080c70800e00300000000ae
:020000040000fa
:020000041d00dd
:0cec38000080023c0800e003640c422451
:020000040000fa
:020000041d00dd
:0cec44000080023c0800e003640c422445
:020000040000fa
:020000041d00dd
:0cec5000019d023c0800e0036ceb422434
:020000040000fa
:020000041d00dd
:0cec5c00286e696c2900000025000000f3
:020000040000fa
:020000041d00dd
:0801780000000000010000007e
:020000040000fa
:020000041d00dd
:08ec68000800e003040080c471
:020000040000fa
:020000041d00dd
:08ec70000800e0030800829493
:020000040000fa
:020000041d00dd
:08ec78000800e0030a00829489
:020000040000fa
:020000041d00dd
:08ec800000007a4400f07f451a
:020000040000fa
:020000041d00dd
:08ec88000800e0030000000099
:020000040000fa
:020000041d00dd
:08ec90000800e0030000000091
:020000040000fa
:020000041d00dd
:08ec98000800e0032510000054
:020000040000fa
:020000041d00dd
:08eca0000800e0030000000081
:020000040000fa
:020000041d00dd
:08eca8000800e0030000000079
:020000040000fa
:020000041d00dd
:10ecb0000000803f0000807b000080030000807b1c
:020000040000fa
:020000041d00dd
:08ecc000ffff0010000000003e
:00000001FF
